task_id,n_commands,n_processes,shadow_delete,recovery_disable,backup_delete,service_stop,process_kill,lateral_movement,persistence,log_clear,discovery,proc_vssadmin,proc_wbadmin,proc_bcdedit,proc_taskkill,proc_wevtutil,proc_net,proc_net1,proc_sc,proc_wmic,proc_schtasks,proc_powershell,proc_cmd,proc_nltest,n_services_created,n_services_started,n_registry_writes,verdict
73,0,1,0,0,0,0,0,0,0,0,0,0,0,0,0,0,0,0,0,0,0,0,0,0,0,0,0,FAILED
74,10,16,1,0,0,0,0,0,0,0,0,0,0,0,0,0,0,0,0,3,0,0,0,0,0,0,31,TRUE_ENCRYPTION
75,10,15,2,0,0,2,0,0,0,0,0,0,0,0,0,0,1,1,1,1,0,1,0,0,0,3,27,TRUE_ENCRYPTION
76,0,1,0,0,0,0,0,0,0,0,0,0,0,0,0,0,0,0,0,0,0,0,0,0,0,0,0,FAILED
77,9,16,1,0,0,0,0,0,0,0,0,0,0,0,0,0,0,0,0,3,0,0,0,0,0,2,45,TRUE_ENCRYPTION
78,0,1,0,0,0,0,0,0,0,0,0,0,0,0,0,0,0,0,0,0,0,0,0,0,0,0,0,NO_VICTIM_ACTIVITY
79,13,18,1,0,0,0,0,0,0,0,0,0,0,0,0,0,0,0,0,1,0,0,0,0,0,3,26,TRUE_ENCRYPTION
80,17,19,1,0,0,0,0,0,0,0,0,0,0,0,0,0,0,0,0,3,0,0,0,0,0,0,38,TRUE_ENCRYPTION
81,69,68,4,0,3,9,42,0,0,0,0,0,0,0,16,0,1,1,0,0,0,0,36,0,0,6,21,NO_VICTIM_ACTIVITY
82,12,19,1,0,0,0,0,0,0,0,0,0,0,0,0,0,0,0,0,3,0,0,0,0,0,1,36,TRUE_ENCRYPTION
83,16,19,1,0,0,0,0,0,0,0,0,0,0,0,0,0,0,0,0,3,0,0,0,0,0,2,38,TRUE_ENCRYPTION
84,12,19,1,0,0,0,0,0,0,0,0,0,0,0,0,0,0,0,0,3,0,0,0,0,0,1,39,TRUE_ENCRYPTION
85,13,19,1,0,0,0,0,0,0,0,0,0,0,0,0,0,0,0,0,3,0,0,0,0,0,1,40,TRUE_ENCRYPTION
86,16,19,1,0,0,0,0,0,0,0,0,0,0,0,0,0,0,0,0,3,0,0,0,0,0,1,35,TRUE_ENCRYPTION
87,14,19,1,0,0,0,0,0,0,0,0,0,0,0,0,0,0,0,0,3,0,0,0,0,0,2,45,TRUE_ENCRYPTION
88,15,17,1,0,0,0,0,0,0,0,0,0,0,0,0,0,0,0,0,3,0,0,0,0,0,2,40,TRUE_ENCRYPTION
89,12,19,1,0,0,0,0,0,0,0,0,0,0,0,0,0,0,0,0,3,0,0,0,0,0,0,40,TRUE_ENCRYPTION
90,14,21,1,0,0,0,0,0,0,0,0,0,0,0,0,0,0,0,0,3,0,0,0,0,0,1,66,TRUE_ENCRYPTION
91,12,20,1,0,0,0,0,0,0,0,0,0,0,0,0,0,0,0,0,3,0,0,0,0,0,1,35,TRUE_ENCRYPTION
92,11,21,1,0,0,0,0,0,0,0,0,0,0,0,0,0,0,0,0,3,0,0,0,0,0,2,53,TRUE_ENCRYPTION
93,12,19,1,0,0,0,0,0,0,0,0,0,0,0,0,0,0,0,0,3,0,0,0,0,0,1,40,TRUE_ENCRYPTION
94,12,19,1,0,0,0,0,0,0,0,0,0,0,0,0,0,0,0,0,3,0,0,0,0,0,1,40,TRUE_ENCRYPTION
95,15,20,1,0,0,0,0,0,0,0,0,0,0,0,0,0,0,0,0,3,0,0,0,0,0,2,42,TRUE_ENCRYPTION
96,21,24,1,0,0,0,0,0,0,0,0,0,0,0,0,0,0,0,0,3,0,0,0,0,0,2,34,TRUE_ENCRYPTION
97,14,20,1,0,0,0,0,0,0,0,0,0,0,0,0,0,0,0,0,3,0,0,0,0,0,1,39,TRUE_ENCRYPTION
98,21,22,1,0,0,0,0,0,0,0,0,0,0,0,0,0,0,0,0,3,0,0,0,0,0,2,33,TRUE_ENCRYPTION
99,0,0,0,0,0,0,0,0,0,0,0,0,0,0,0,0,0,0,0,0,0,0,0,0,0,0,0,FAILED
100,0,0,0,0,0,0,0,0,0,0,0,0,0,0,0,0,0,0,0,0,0,0,0,0,0,0,0,FAILED
101,0,0,0,0,0,0,0,0,0,0,0,0,0,0,0,0,0,0,0,0,0,0,0,0,0,0,0,FAILED
102,10,18,1,0,0,0,0,0,0,0,0,0,0,0,0,0,0,0,0,3,0,0,0,0,0,1,45,TRUE_ENCRYPTION
103,12,21,1,0,0,0,0,0,0,0,0,0,0,0,0,0,0,0,0,3,0,0,0,0,0,1,38,TRUE_ENCRYPTION
104,13,22,1,0,0,0,0,0,0,0,0,0,0,0,0,0,0,0,0,3,0,0,0,0,0,1,34,TRUE_ENCRYPTION
105,21,21,1,0,0,0,0,0,0,0,0,0,0,0,0,0,0,0,0,3,0,0,0,0,0,2,36,TRUE_ENCRYPTION
106,21,23,2,0,0,2,0,0,0,0,0,0,0,0,0,0,1,1,1,1,0,1,1,0,0,3,16,TRUE_ENCRYPTION
107,4,6,0,0,0,0,0,0,0,0,0,0,0,0,0,0,0,0,0,0,0,0,0,0,0,0,4,NO_VICTIM_ACTIVITY
108,13,20,1,0,0,0,0,0,0,0,0,0,0,0,0,0,0,0,0,3,0,0,0,0,0,1,38,TRUE_ENCRYPTION
109,14,20,1,0,0,0,0,0,0,0,0,0,0,0,0,0,0,0,0,3,0,0,0,0,0,1,38,TRUE_ENCRYPTION
110,10,20,1,0,0,0,0,0,0,0,0,0,0,0,0,0,0,0,0,3,0,0,0,0,0,2,49,TRUE_ENCRYPTION
111,13,23,1,0,0,0,0,0,0,0,0,0,0,0,0,0,0,0,0,3,0,0,0,0,0,1,48,TRUE_ENCRYPTION
112,13,17,1,0,0,0,0,0,0,0,0,0,0,0,0,0,0,0,0,3,0,0,0,0,0,2,40,TRUE_ENCRYPTION
113,12,20,1,0,0,0,0,0,0,0,0,0,0,0,0,0,0,0,0,3,0,0,0,0,0,1,37,TRUE_ENCRYPTION
114,11,19,1,0,0,0,0,0,0,0,0,0,0,0,0,0,0,0,0,3,0,0,0,0,0,1,37,TRUE_ENCRYPTION
115,11,19,1,0,0,0,0,0,0,0,0,0,0,0,0,0,0,0,0,3,0,0,0,0,0,2,50,TRUE_ENCRYPTION
116,11,21,1,0,0,0,0,0,0,0,0,0,0,0,0,0,0,0,0,3,0,0,0,0,0,3,48,TRUE_ENCRYPTION
117,19,22,1,0,0,0,0,0,0,0,0,0,0,0,0,0,0,0,0,3,0,0,0,0,0,2,40,TRUE_ENCRYPTION
118,13,20,1,0,0,0,0,0,0,0,0,0,0,0,0,0,0,0,0,3,0,0,0,0,0,1,38,TRUE_ENCRYPTION
119,17,19,1,0,0,0,0,0,0,0,0,0,0,0,0,0,0,0,0,3,0,0,0,0,0,2,44,TRUE_ENCRYPTION
120,18,21,1,0,0,0,0,0,0,0,0,0,0,0,0,0,0,0,0,3,0,0,0,0,0,1,40,TRUE_ENCRYPTION
121,12,18,1,0,0,0,0,0,0,0,0,0,0,0,0,0,0,0,0,3,0,0,0,0,0,1,36,TRUE_ENCRYPTION
122,12,20,1,0,0,0,0,0,0,0,0,0,0,0,0,0,0,0,0,3,0,0,0,0,0,1,37,TRUE_ENCRYPTION
123,7,8,0,0,0,0,0,0,0,0,0,0,0,0,0,0,0,0,0,0,0,0,0,0,0,2,41,NO_VICTIM_ACTIVITY
124,12,17,2,0,0,2,0,0,0,0,0,0,0,0,0,0,1,1,1,1,0,1,0,0,0,2,24,TRUE_ENCRYPTION
125,0,1,0,0,0,0,0,0,0,0,0,0,0,0,0,0,0,0,0,0,0,0,0,0,0,0,0,FAILED
126,33,30,16,2,2,0,0,0,0,0,0,13,2,2,0,0,0,0,0,1,0,0,0,0,0,6,38,TRUE_ENCRYPTION
127,31,27,16,2,2,0,0,0,0,0,0,13,2,2,0,0,0,0,0,1,0,0,0,0,0,4,35,TRUE_ENCRYPTION
128,31,28,16,2,2,0,0,0,0,0,0,13,2,2,0,0,0,0,0,1,0,0,0,0,0,4,37,TRUE_ENCRYPTION
129,12,19,1,0,0,0,0,0,0,0,0,0,0,0,0,0,0,0,0,3,0,0,0,0,0,1,40,TRUE_ENCRYPTION
130,15,19,1,0,0,0,0,0,0,0,0,0,0,0,0,0,0,0,0,3,0,0,0,0,0,1,39,TRUE_ENCRYPTION
131,17,19,1,0,0,0,0,0,0,0,0,0,0,0,0,0,0,0,0,3,0,0,0,0,0,1,38,TRUE_ENCRYPTION
132,14,20,1,0,0,0,0,0,0,0,0,0,0,0,0,0,0,0,0,3,0,0,0,0,0,2,41,TRUE_ENCRYPTION
133,13,20,1,0,0,0,0,0,0,0,0,0,0,0,0,0,0,0,0,3,0,0,0,0,0,2,40,TRUE_ENCRYPTION
134,13,19,1,0,0,0,0,0,0,0,0,0,0,0,0,0,0,0,0,3,0,0,0,0,0,1,39,TRUE_ENCRYPTION
135,1,2,1,0,0,0,0,0,0,0,0,0,0,0,0,0,0,0,0,0,0,0,0,0,0,0,4,FAILED
136,14,20,1,0,0,0,0,0,0,0,0,0,0,0,0,0,0,0,0,3,0,0,0,0,0,1,53,TRUE_ENCRYPTION
137,1,2,1,0,0,0,0,0,0,0,0,1,0,0,0,0,0,0,0,0,0,0,0,0,0,0,0,FAILED
138,31,27,16,2,2,0,0,0,0,0,0,13,2,2,0,0,0,0,0,1,0,0,0,0,0,5,33,TRUE_ENCRYPTION
139,32,28,16,2,2,0,0,0,0,0,0,13,2,2,0,0,0,0,0,1,0,0,0,0,0,6,45,TRUE_ENCRYPTION
140,18,24,1,0,0,0,0,0,0,0,0,0,0,0,0,0,0,0,0,3,0,0,0,0,0,2,52,TRUE_ENCRYPTION
141,38,29,16,2,2,0,0,0,0,0,0,13,2,2,0,0,0,0,0,1,0,0,0,0,0,5,28,TRUE_ENCRYPTION
142,13,19,1,0,0,0,0,0,0,0,0,0,0,0,0,0,0,0,0,3,0,0,0,0,0,1,64,TRUE_ENCRYPTION
143,13,21,1,0,0,0,0,0,0,0,0,0,0,0,0,0,0,0,0,3,0,0,0,0,0,1,38,TRUE_ENCRYPTION
144,13,21,1,0,0,0,0,0,0,0,0,0,0,0,0,0,0,0,0,3,0,0,0,0,0,1,41,TRUE_ENCRYPTION
145,12,19,1,0,0,0,0,0,0,0,0,0,0,0,0,0,0,0,0,3,0,0,0,0,0,1,38,TRUE_ENCRYPTION
146,9,16,1,0,0,0,0,0,0,0,0,0,0,0,0,0,0,0,0,3,0,0,0,0,0,0,33,TRUE_ENCRYPTION
147,1,2,1,0,0,0,0,0,0,0,0,1,0,0,0,0,0,0,0,0,0,0,0,0,0,0,4,TRUE_ENCRYPTION
148,0,1,0,0,0,0,0,0,0,0,0,0,0,0,0,0,0,0,0,0,0,0,0,0,0,0,0,FAILED
149,0,1,0,0,0,0,0,0,0,0,0,0,0,0,0,0,0,0,0,0,0,0,0,0,0,0,0,FAILED
150,0,1,0,0,0,0,0,0,0,0,0,0,0,0,0,0,0,0,0,0,0,0,0,0,0,0,0,FAILED
151,3,4,1,0,0,0,0,0,0,0,0,1,0,0,0,0,0,0,0,0,0,0,0,0,0,0,4,TRUE_ENCRYPTION
152,3,4,1,0,0,0,0,0,0,0,0,1,0,0,0,0,0,0,0,0,0,0,0,0,0,0,4,TRUE_ENCRYPTION
153,0,0,0,0,0,0,0,0,0,0,0,0,0,0,0,0,0,0,0,0,0,0,0,0,0,0,0,FAILED
154,0,1,0,0,0,0,0,0,0,0,0,0,0,0,0,0,0,0,0,0,0,0,0,0,0,0,0,FAILED
155,0,1,0,0,0,0,0,0,0,0,0,0,0,0,0,0,0,0,0,0,0,0,0,0,0,0,0,FAILED
156,5,7,1,0,0,0,0,0,0,0,0,1,0,0,0,0,0,0,0,0,0,0,0,0,0,0,6,TRUE_ENCRYPTION
157,1,3,1,0,0,0,0,0,0,0,0,1,0,0,0,0,0,0,0,0,0,0,0,0,0,0,4,TRUE_ENCRYPTION
158,1,2,1,0,0,0,0,0,0,0,0,1,0,0,0,0,0,0,0,0,0,0,0,0,0,0,4,TRUE_ENCRYPTION
201,5,9,1,0,0,0,0,0,0,0,0,2,0,0,0,0,0,0,0,0,0,0,0,0,0,0,3,TRUE_ENCRYPTION
202,4,7,1,0,0,0,0,0,0,0,0,2,0,0,0,0,0,0,0,0,0,0,0,0,0,0,3,TRUE_ENCRYPTION
203,2,4,1,0,0,0,0,0,0,0,0,1,0,0,0,0,0,0,0,0,0,0,0,0,0,0,3,TRUE_ENCRYPTION
204,0,1,0,0,0,0,0,0,0,0,0,0,0,0,0,0,0,0,0,0,0,0,0,0,0,0,0,FAILED
205,4,7,1,0,0,0,0,0,0,0,0,2,0,0,0,0,0,0,0,0,0,0,0,0,0,0,3,TRUE_ENCRYPTION
206,0,1,0,0,0,0,0,0,0,0,0,0,0,0,0,0,0,0,0,0,0,0,0,0,0,0,0,FAILED
207,4,6,1,0,0,0,0,0,0,0,0,2,0,0,0,0,0,0,0,0,0,0,0,0,0,0,3,TRUE_ENCRYPTION
208,0,1,0,0,0,0,0,0,0,0,0,0,0,0,0,0,0,0,0,0,0,0,0,0,0,0,0,FAILED
209,2,4,1,0,0,0,0,0,0,0,0,1,0,0,0,0,0,0,0,0,0,0,0,0,0,0,3,TRUE_ENCRYPTION
210,3,5,1,0,0,0,0,0,0,0,0,1,0,0,0,0,0,0,0,0,0,0,0,0,0,0,3,TRUE_ENCRYPTION
211,5,7,1,0,0,0,0,0,0,0,0,1,0,0,0,0,0,0,0,0,0,0,0,0,0,0,6,TRUE_ENCRYPTION
212,0,1,0,0,0,0,0,0,0,0,0,0,0,0,0,0,0,0,0,0,0,0,0,0,0,0,0,FAILED
213,0,1,0,0,0,0,0,0,0,0,0,0,0,0,0,0,0,0,0,0,0,0,0,0,0,0,0,FAILED
214,0,1,0,0,0,0,0,0,0,0,0,0,0,0,0,0,0,0,0,0,0,0,0,0,0,0,0,FAILED
215,5,5,1,0,0,0,0,0,0,0,0,1,0,0,0,0,0,0,0,0,0,0,0,0,0,0,3,TRUE_ENCRYPTION
216,4,6,1,0,0,0,0,0,0,0,0,2,0,0,0,0,0,0,0,0,0,0,0,0,0,0,3,TRUE_ENCRYPTION
217,1,2,1,0,0,0,0,0,0,0,0,1,0,0,0,0,0,0,0,0,0,0,0,0,0,0,4,TRUE_ENCRYPTION
218,5,6,1,0,0,0,0,0,0,0,0,2,0,0,0,0,0,0,0,0,0,0,0,0,0,0,3,TRUE_ENCRYPTION
219,2,6,1,0,0,0,0,0,0,0,0,2,0,0,0,0,0,0,0,0,0,0,0,0,0,0,3,FAILED
220,1,2,1,0,0,0,0,0,0,0,0,1,0,0,0,0,0,0,0,0,0,0,0,0,0,0,4,TRUE_ENCRYPTION
221,1,3,1,0,0,0,0,0,0,0,0,1,0,0,0,0,0,0,0,0,0,0,0,0,0,0,4,TRUE_ENCRYPTION
222,1,2,1,0,0,0,0,0,0,0,0,1,0,0,0,0,0,0,0,0,0,0,0,0,0,0,4,TRUE_ENCRYPTION
223,1,3,1,0,0,0,0,0,0,0,0,1,0,0,0,0,0,0,0,0,0,0,0,0,0,0,4,TRUE_ENCRYPTION
224,0,0,0,0,0,0,0,0,0,0,0,0,0,0,0,0,0,0,0,0,0,0,0,0,0,0,0,FAILED
225,0,1,0,0,0,0,0,0,0,0,0,0,0,0,0,0,0,0,0,0,0,0,0,0,0,0,0,FAILED
226,3,3,1,0,0,0,0,0,0,0,0,1,0,0,0,0,0,0,0,0,0,0,0,0,0,0,4,TRUE_ENCRYPTION
227,10,15,1,0,0,0,0,0,0,0,0,2,0,0,0,0,0,0,0,0,0,0,0,0,0,0,17,TRUE_ENCRYPTION
243,13,13,5,4,0,0,0,0,0,2,0,1,0,2,0,0,0,0,0,1,0,1,5,0,0,1,3,TRUE_ENCRYPTION
244,0,1,0,0,0,0,0,0,0,0,0,0,0,0,0,0,0,0,0,0,0,0,0,0,0,0,0,TRUE_ENCRYPTION
245,0,1,0,0,0,0,0,0,0,0,0,0,0,0,0,0,0,0,0,0,0,0,0,0,0,0,10,FAILED
246,9,8,0,0,0,0,0,0,0,0,0,0,0,0,0,0,0,0,0,0,0,0,0,0,0,15,13,TRUE_ENCRYPTION
247,0,0,0,0,0,0,0,0,0,0,0,0,0,0,0,0,0,0,0,0,0,0,0,0,0,0,0,FAILED
248,0,0,0,0,0,0,0,0,0,0,0,0,0,0,0,0,0,0,0,0,0,0,0,0,0,0,0,FAILED
249,0,0,0,0,0,0,0,0,0,0,0,0,0,0,0,0,0,0,0,0,0,0,0,0,0,0,0,FAILED
250,10,8,4,4,0,0,0,0,0,2,0,1,0,1,0,0,0,0,0,0,0,0,5,0,0,0,0,TRUE_ENCRYPTION
251,0,1,0,0,0,0,0,0,0,0,0,0,0,0,0,0,0,0,0,0,0,0,0,0,0,0,0,FAILED
252,0,1,0,0,0,0,0,0,0,0,0,0,0,0,0,0,0,0,0,0,0,0,0,0,0,0,0,TRUE_ENCRYPTION
253,12,13,1,0,0,0,0,0,0,0,0,0,0,0,0,0,0,0,0,1,0,0,0,0,0,5,241,TRUE_ENCRYPTION
254,1,2,1,0,0,0,0,0,0,0,0,1,0,0,0,0,0,0,0,0,0,0,0,0,0,0,4,TRUE_ENCRYPTION
255,28,30,2,4,0,0,0,0,2,10,0,0,2,4,0,10,0,0,0,0,2,0,0,0,0,2,8,TRUE_ENCRYPTION
256,7,9,0,0,0,0,0,0,0,0,0,0,0,0,0,0,0,0,0,0,0,0,0,0,0,3,14,TRUE_ENCRYPTION
257,10,13,4,4,0,0,0,0,0,2,0,1,0,2,0,0,0,0,0,1,0,1,5,0,0,0,3,TRUE_ENCRYPTION
258,0,1,0,0,0,0,0,0,0,0,0,0,0,0,0,0,0,0,0,0,0,0,0,0,0,0,2,TRUE_ENCRYPTION
259,0,1,0,0,0,0,0,0,0,0,0,0,0,0,0,0,0,0,0,0,0,0,0,0,0,0,0,TRUE_ENCRYPTION
260,5,7,1,0,0,0,0,0,0,0,0,0,0,0,0,0,0,0,0,1,0,0,0,0,0,3,13,TRUE_ENCRYPTION
261,1,2,1,0,0,0,0,0,0,0,0,1,0,0,0,0,0,0,0,0,0,0,0,0,0,0,4,TRUE_ENCRYPTION
262,25,17,2,4,0,0,0,0,2,9,0,0,1,2,0,5,0,0,0,0,1,0,0,0,0,3,13,TRUE_ENCRYPTION
263,8,10,0,0,0,0,0,0,0,0,0,0,0,0,0,0,0,0,0,0,0,0,0,0,0,4,26,TRUE_ENCRYPTION
265,0,1,0,0,0,0,0,0,0,0,0,0,0,0,0,0,0,0,0,0,0,0,0,0,0,0,0,FAILED
266,0,1,0,0,0,0,0,0,0,0,0,0,0,0,0,0,0,0,0,0,0,0,0,0,0,0,0,TRUE_ENCRYPTION
267,9,10,1,0,0,0,0,0,0,0,0,0,0,0,0,0,0,0,0,1,0,0,0,0,0,5,222,TRUE_ENCRYPTION
268,1,3,1,0,0,0,0,0,0,0,0,1,0,0,0,0,0,0,0,0,0,0,0,0,0,0,4,TRUE_ENCRYPTION
269,8,10,0,0,0,0,0,0,0,0,0,0,0,0,0,0,0,0,0,0,0,0,0,0,0,4,21,TRUE_ENCRYPTION
270,12,13,4,4,0,0,0,0,0,2,0,1,0,2,0,0,0,0,0,1,0,1,5,0,0,1,3,TRUE_ENCRYPTION
271,184,114,6,0,0,82,28,0,0,0,0,0,0,0,8,0,29,26,0,0,0,0,42,0,0,1,19,FAILED
272,0,1,0,0,0,0,0,0,0,0,0,0,0,0,0,0,0,0,0,0,0,0,0,0,0,0,0,TRUE_ENCRYPTION
273,7,9,1,0,0,0,0,0,0,0,0,0,0,0,0,0,0,0,0,1,0,0,0,0,0,4,230,TRUE_ENCRYPTION
274,1,2,1,0,0,0,0,0,0,0,0,1,0,0,0,0,0,0,0,0,0,0,0,0,0,0,4,TRUE_ENCRYPTION
275,4,6,0,0,0,0,0,0,1,0,0,0,0,0,0,0,0,0,0,0,0,1,0,0,0,1,1,TRUE_ENCRYPTION
276,0,1,0,0,0,0,0,0,0,0,0,0,0,0,0,0,0,0,0,0,0,0,0,0,0,0,0,FAILED
277,10,11,1,0,0,0,0,0,0,0,0,0,0,0,0,0,0,0,0,1,0,0,0,0,0,5,19,TRUE_ENCRYPTION
278,0,1,0,0,0,0,0,0,0,0,0,0,0,0,0,0,0,0,0,0,0,0,0,0,0,0,0,FAILED
279,0,0,0,0,0,0,0,0,0,0,0,0,0,0,0,0,0,0,0,0,0,0,0,0,0,0,0,FAILED
280,0,1,0,0,0,0,0,0,0,0,0,0,0,0,0,0,0,0,0,0,0,0,0,0,0,0,0,FAILED
281,9,13,1,0,0,0,0,0,0,0,0,0,0,0,0,0,0,0,0,1,0,0,0,0,0,5,226,TRUE_ENCRYPTION
282,1,3,0,0,0,0,0,0,0,0,0,1,0,0,0,0,0,0,0,0,0,0,0,0,0,0,4,TRUE_ENCRYPTION
283,4,6,0,0,0,0,0,0,1,0,0,0,0,0,0,0,0,0,0,0,0,1,0,0,0,1,1,TRUE_ENCRYPTION
284,0,1,0,0,0,0,0,0,0,0,0,0,0,0,0,0,0,0,0,0,0,0,0,0,0,0,0,FAILED
285,8,10,1,0,0,0,0,0,0,0,0,0,0,0,0,0,0,0,0,1,0,0,0,0,0,4,228,TRUE_ENCRYPTION
286,1,2,1,0,0,0,0,0,0,0,0,1,0,0,0,0,0,0,0,0,0,0,0,0,0,0,4,TRUE_ENCRYPTION
287,0,1,0,0,0,0,0,0,0,0,0,0,0,0,0,0,0,0,0,0,0,0,0,0,0,0,0,TRUE_ENCRYPTION
288,10,12,1,0,0,0,0,0,0,0,0,0,0,0,0,0,0,0,0,1,0,0,0,0,0,5,243,TRUE_ENCRYPTION
289,0,0,0,0,0,0,0,0,0,0,0,0,0,0,0,0,0,0,0,0,0,0,0,0,0,0,0,FAILED
290,7,7,0,0,0,0,0,0,1,0,0,0,0,0,0,0,0,0,0,0,0,1,0,0,0,2,1,TRUE_ENCRYPTION
291,8,10,1,0,0,0,0,0,0,0,0,0,0,0,0,0,0,0,0,1,0,0,0,0,0,4,24,TRUE_ENCRYPTION
292,0,3,0,0,0,0,0,0,0,0,0,1,0,0,0,0,0,0,0,0,0,0,0,0,0,0,4,TRUE_ENCRYPTION
293,0,1,0,0,0,0,0,0,0,0,0,0,0,0,0,0,0,0,0,0,0,0,0,0,0,0,0,TRUE_ENCRYPTION
294,1,3,1,0,0,0,0,0,0,0,0,1,0,0,0,0,0,0,0,0,0,0,0,0,0,0,4,TRUE_ENCRYPTION
295,0,1,0,0,0,0,0,0,0,0,0,0,0,0,0,0,0,0,0,0,0,0,0,0,0,0,4,TRUE_ENCRYPTION
296,1,3,1,0,0,0,0,0,0,0,0,1,0,0,0,0,0,0,0,0,0,0,0,0,0,0,4,TRUE_ENCRYPTION
297,0,1,0,0,0,0,0,0,0,0,0,0,0,0,0,0,0,0,0,0,0,0,0,0,0,0,4,TRUE_ENCRYPTION
298,1,2,1,0,0,0,0,0,0,0,0,1,0,0,0,0,0,0,0,0,0,0,0,0,0,0,4,TRUE_ENCRYPTION
299,1,3,1,0,0,0,0,0,0,0,0,1,0,0,0,0,0,0,0,0,0,0,0,0,0,0,4,TRUE_ENCRYPTION
300,1,2,1,0,0,0,0,0,0,0,0,1,0,0,0,0,0,0,0,0,0,0,0,0,0,0,4,TRUE_ENCRYPTION
301,0,0,0,0,0,0,0,0,0,0,0,0,0,0,0,0,0,0,0,0,0,0,0,0,0,0,0,FAILED
303,0,1,0,0,0,0,0,0,0,0,0,0,0,0,0,0,0,0,0,0,0,0,0,0,0,0,0,FAILED
304,2,3,0,0,0,0,0,2,0,0,0,0,0,0,0,0,1,0,0,0,0,0,1,0,0,0,0,NO_VICTIM_ACTIVITY
305,0,1,0,0,0,0,0,0,0,0,0,0,0,0,0,0,0,0,0,0,0,0,0,0,0,0,0,FAILED
306,0,1,0,0,0,0,0,0,0,0,0,0,0,0,0,0,0,0,0,0,0,0,0,0,0,0,0,FAILED
307,0,1,0,0,0,0,0,0,0,0,0,0,0,0,0,0,0,0,0,0,0,0,0,0,0,0,0,FAILED
308,0,1,0,0,0,0,0,0,0,0,0,0,0,0,0,0,0,0,0,0,0,0,0,0,0,0,0,FAILED
309,0,1,0,0,0,0,0,0,0,0,0,0,0,0,0,0,0,0,0,0,0,0,0,0,0,0,0,FAILED
310,0,1,0,0,0,0,0,0,0,0,0,0,0,0,0,0,0,0,0,0,0,0,0,0,0,0,0,FAILED
311,0,1,0,0,0,0,0,0,0,0,0,0,0,0,0,0,0,0,0,0,0,0,0,0,0,0,0,FAILED
312,0,1,0,0,0,0,0,0,0,0,0,0,0,0,0,0,0,0,0,0,0,0,0,0,0,0,0,FAILED
313,0,1,0,0,0,0,0,0,0,0,0,0,0,0,0,0,0,0,0,0,0,0,0,0,0,0,0,FAILED
314,0,1,0,0,0,0,0,0,0,0,0,0,0,0,0,0,0,0,0,0,0,0,0,0,0,0,0,FAILED
315,0,1,0,0,0,0,0,0,0,0,0,0,0,0,0,0,0,0,0,0,0,0,0,0,0,0,0,FAILED
316,0,1,0,0,0,0,0,0,0,0,0,0,0,0,0,0,0,0,0,0,0,0,0,0,0,0,0,FAILED
317,0,1,0,0,0,0,0,0,0,0,0,0,0,0,0,0,0,0,0,0,0,0,0,0,0,0,0,FAILED
318,0,1,0,0,0,0,0,0,0,0,0,0,0,0,0,0,0,0,0,0,0,0,0,0,0,0,0,FAILED
319,0,1,0,0,0,0,0,0,0,0,0,0,0,0,0,0,0,0,0,0,0,0,0,0,0,0,0,FAILED
320,0,0,0,0,0,0,0,0,0,0,0,0,0,0,0,0,0,0,0,0,0,0,0,0,0,0,0,FAILED
321,0,0,0,0,0,0,0,0,0,0,0,0,0,0,0,0,0,0,0,0,0,0,0,0,0,0,0,FAILED
322,2,5,0,0,0,0,0,0,0,0,0,0,0,0,0,0,0,0,0,0,0,0,0,0,0,3,5,TRUE_ENCRYPTION
323,0,1,0,0,0,0,0,0,0,0,0,0,0,0,0,0,0,0,0,0,0,0,0,0,1,1,0,FAILED
324,5,11,0,0,0,0,0,0,0,0,0,0,0,0,0,0,0,0,0,0,0,0,0,0,0,5,27,TRUE_ENCRYPTION
325,0,1,0,0,0,0,0,0,0,0,0,0,0,0,0,0,0,0,0,0,0,0,0,0,0,0,0,FAILED
326,11,11,0,0,0,0,0,0,0,0,0,0,0,0,0,0,0,0,0,0,0,2,0,0,0,1,8,TRUE_ENCRYPTION
327,15,18,4,2,0,0,0,0,0,0,0,1,1,2,0,0,0,0,0,1,0,0,2,0,0,4,8,TRUE_ENCRYPTION
328,0,0,0,0,0,0,0,0,0,0,0,0,0,0,0,0,0,0,0,0,0,0,0,0,0,0,0,FAILED
329,8,5,0,0,0,0,0,0,0,0,0,0,0,0,0,0,0,0,1,0,0,0,2,0,0,0,0,TRUE_ENCRYPTION
330,0,0,0,0,0,0,0,0,0,0,0,0,0,0,0,0,0,0,0,0,0,0,0,0,0,0,0,FAILED
331,7,10,2,1,0,0,0,0,0,0,0,1,0,0,0,0,0,0,0,0,0,0,1,0,0,1,9,FAILED
332,0,0,0,0,0,0,0,0,0,0,0,0,0,0,0,0,0,0,0,0,0,0,0,0,0,0,0,FAILED
333,8,12,0,0,0,0,0,0,0,0,0,0,0,0,0,0,0,0,0,0,0,0,0,0,0,5,21,TRUE_ENCRYPTION
334,0,1,0,0,0,0,0,0,0,0,0,0,0,0,0,0,0,0,0,0,0,0,0,0,1,1,0,FAILED
335,0,0,0,0,0,0,0,0,0,0,0,0,0,0,0,0,0,0,0,0,0,0,0,0,0,0,0,FAILED
350,0,1,0,0,0,0,0,0,0,0,0,0,0,0,0,0,0,0,0,0,0,0,0,0,0,0,3,FAILED
351,0,0,0,0,0,0,0,0,0,0,0,0,0,0,0,0,0,0,0,0,0,0,0,0,0,0,0,FAILED
352,4,7,0,0,0,1,0,0,0,0,0,0,0,0,0,0,1,1,0,0,0,0,1,0,0,1,12,TRUE_ENCRYPTION
353,0,1,0,0,0,0,0,0,0,0,0,0,0,0,0,0,0,0,0,0,0,0,0,0,0,0,0,FAILED
354,189,111,0,0,0,41,40,0,0,0,0,0,0,0,20,0,43,39,0,0,0,0,0,0,0,2,8,FAILED
355,0,1,0,0,0,0,0,0,0,0,0,0,0,0,0,0,0,0,0,0,0,0,0,0,0,0,0,FAILED
356,0,1,0,0,0,0,0,0,0,0,0,0,0,0,0,0,0,0,0,0,0,0,0,0,0,0,0,FAILED
357,1,1,0,0,0,0,0,0,0,0,0,0,0,0,0,0,0,0,0,0,0,0,0,0,0,0,0,FAILED
358,16,17,0,0,0,5,0,0,0,0,0,0,0,0,0,0,5,4,0,0,0,0,0,0,0,0,0,TRUE_ENCRYPTION
359,0,1,0,0,0,0,0,0,0,0,0,0,0,0,0,0,0,0,0,0,0,0,0,0,0,0,0,TRUE_ENCRYPTION
360,0,1,0,0,0,0,0,0,0,0,0,0,0,0,0,0,0,0,0,0,0,0,0,0,0,0,0,FAILED
361,12,17,3,0,0,0,0,0,0,0,0,2,0,0,0,0,0,0,0,0,0,0,2,0,0,5,29,TRUE_ENCRYPTION
362,0,0,0,0,0,0,0,0,0,0,0,0,0,0,0,0,0,0,0,0,0,0,0,0,0,0,0,FAILED
363,9,13,0,0,0,0,0,0,0,0,0,0,0,0,0,0,0,0,0,0,0,0,0,0,0,4,20,TRUE_ENCRYPTION
365,214,133,0,0,0,53,44,0,0,0,0,0,0,0,20,0,55,50,0,0,0,0,0,0,0,2,14,FAILED
366,0,1,0,0,0,0,0,0,0,0,0,0,0,0,0,0,0,0,0,0,0,0,0,0,0,0,0,FAILED
367,0,1,0,0,0,0,0,0,0,0,0,0,0,0,0,0,0,0,0,0,0,0,0,0,0,0,0,FAILED
368,20,20,4,2,0,0,0,0,0,0,0,1,1,2,0,0,0,0,0,1,0,0,3,0,0,5,10,TRUE_ENCRYPTION
369,0,1,0,0,0,0,0,0,0,0,0,0,0,0,0,0,0,0,0,0,0,0,0,0,0,0,0,FAILED
370,3,4,0,1,0,0,0,0,0,0,0,0,0,1,0,0,0,0,0,0,0,0,0,0,1,0,6,FAILED
371,14,16,0,0,0,0,0,0,0,0,0,0,0,0,0,0,0,0,0,0,0,0,0,0,0,3,23,TRUE_ENCRYPTION
372,0,1,0,0,0,0,0,0,0,0,0,0,0,0,0,0,0,0,0,0,0,0,0,0,0,0,0,FAILED
373,0,0,0,0,0,0,0,0,0,0,0,0,0,0,0,0,0,0,0,0,0,0,0,0,0,0,0,FAILED
374,21,21,5,4,0,0,0,0,0,0,0,0,0,0,0,0,0,0,0,1,0,0,4,0,0,3,46,TRUE_ENCRYPTION
375,1,2,0,0,0,0,0,0,0,0,0,0,0,0,0,0,0,0,0,0,0,1,0,0,0,0,0,FAILED
376,154,94,0,0,0,30,40,0,0,0,0,0,0,0,20,0,34,31,0,0,0,0,0,0,0,3,2,FAILED
377,2,3,0,0,0,0,0,2,0,0,0,0,0,0,0,0,1,0,0,0,0,0,1,0,0,0,0,NO_VICTIM_ACTIVITY
378,9,10,0,0,0,0,0,0,0,0,0,0,0,0,0,0,0,0,0,0,0,0,0,0,0,2,9,TRUE_ENCRYPTION
379,0,0,0,0,0,0,0,0,0,0,0,0,0,0,0,0,0,0,0,0,0,0,0,0,0,0,0,FAILED
380,0,0,0,0,0,0,0,0,0,0,0,0,0,0,0,0,0,0,0,0,0,0,0,0,0,0,0,FAILED
381,0,0,0,0,0,0,0,0,0,0,0,0,0,0,0,0,0,0,0,0,0,0,0,0,0,0,0,FAILED
382,10,8,3,2,1,0,0,0,0,0,0,0,0,0,0,0,0,0,0,0,0,0,4,0,0,0,5,FAILED
383,0,1,0,0,0,0,0,0,0,0,0,0,0,0,0,0,0,0,0,0,0,0,0,0,0,0,0,FAILED
384,0,0,0,0,0,0,0,0,0,0,0,0,0,0,0,0,0,0,0,0,0,0,0,0,0,0,0,FAILED
410,0,0,0,0,0,0,0,0,0,0,0,0,0,0,0,0,0,0,0,0,0,0,0,0,0,0,0,FAILED
411,0,0,0,0,0,0,0,0,0,0,0,0,0,0,0,0,0,0,0,0,0,0,0,0,0,0,0,FAILED
412,0,0,0,0,0,0,0,0,0,0,0,0,0,0,0,0,0,0,0,0,0,0,0,0,0,0,0,FAILED
414,0,0,0,0,0,0,0,0,0,0,0,0,0,0,0,0,0,0,0,0,0,0,0,0,0,0,0,FAILED
415,0,1,0,0,0,0,0,0,0,0,0,0,0,0,0,0,0,0,0,0,0,0,0,0,0,0,0,FAILED
416,0,1,0,0,0,0,0,0,0,0,0,0,0,0,0,0,0,0,0,0,0,0,0,0,0,0,0,FAILED
417,107,106,0,0,0,0,0,0,0,104,0,0,0,0,0,100,0,0,0,0,0,0,2,0,0,0,0,FAILED
418,0,1,0,0,0,0,0,0,0,0,0,0,0,0,0,0,0,0,0,0,0,0,0,0,0,0,0,FAILED
419,8,10,0,0,0,0,0,0,0,0,0,0,0,0,0,0,0,0,0,0,0,1,0,0,0,5,25,TRUE_ENCRYPTION
420,217,143,0,0,0,55,45,0,0,0,0,0,0,0,23,0,57,55,0,0,0,0,0,0,0,2,2,FAILED
421,0,1,0,0,0,0,0,0,0,0,0,0,0,0,0,0,0,0,0,0,0,0,0,0,0,0,0,FAILED
422,1,2,0,0,0,0,0,0,0,0,0,0,0,0,0,0,0,0,0,0,0,0,0,0,0,0,0,TRUE_ENCRYPTION
423,14,13,4,2,0,0,0,0,0,0,0,1,0,1,0,0,0,0,0,1,0,0,2,0,0,4,14,TRUE_ENCRYPTION
424,12,21,0,0,0,4,0,0,0,0,0,0,0,0,0,0,6,5,0,0,0,0,0,0,0,2,0,TRUE_ENCRYPTION
425,7,9,1,0,0,0,0,0,0,0,0,0,0,0,0,0,0,0,0,1,0,0,1,0,0,2,23,TRUE_ENCRYPTION
426,17,19,6,2,1,0,0,0,0,0,0,0,0,0,0,0,0,0,0,2,0,1,6,0,0,2,13,TRUE_ENCRYPTION
427,10,18,3,0,0,0,0,0,0,0,0,2,0,0,0,0,0,0,0,0,0,0,2,0,0,6,40,TRUE_ENCRYPTION
428,0,1,0,0,0,0,0,0,0,0,0,0,0,0,0,0,0,0,0,0,0,0,0,0,0,0,0,FAILED
429,11,15,0,0,0,0,0,0,0,0,0,0,0,0,0,0,0,0,0,0,0,0,0,0,0,5,25,TRUE_ENCRYPTION
430,9,11,0,0,0,0,0,0,0,0,0,0,0,0,0,0,0,0,0,0,0,1,0,0,0,4,14,TRUE_ENCRYPTION
431,9,12,0,0,0,0,0,0,0,0,0,0,0,0,0,0,0,0,0,0,0,0,0,0,0,5,28,TRUE_ENCRYPTION
432,0,1,0,0,0,0,0,0,0,0,0,0,0,0,0,0,0,0,0,0,0,0,0,0,0,0,0,FAILED
433,1,2,0,0,0,0,0,0,0,0,0,0,0,0,0,0,0,0,0,0,0,0,0,0,0,0,0,TRUE_ENCRYPTION
434,15,17,4,2,0,0,0,0,0,0,0,1,1,2,0,0,0,0,0,1,0,0,2,0,0,3,6,TRUE_ENCRYPTION
435,120,110,0,0,0,1,0,0,0,0,0,0,0,0,0,0,54,54,0,0,0,0,1,0,0,0,0,FAILED
436,10,11,0,0,0,0,0,0,4,0,0,0,0,0,0,0,0,0,0,0,1,0,1,0,0,2,15,TRUE_ENCRYPTION
437,0,1,0,0,0,0,0,0,0,0,0,0,0,0,0,0,0,0,0,0,0,0,0,0,0,0,0,FAILED
438,9,12,0,0,0,0,0,0,0,0,0,0,0,0,0,0,0,0,0,0,0,0,0,0,0,4,17,TRUE_ENCRYPTION
439,0,1,0,0,0,0,0,0,0,0,0,0,0,0,0,0,0,0,0,0,0,0,0,0,0,0,0,FAILED
440,0,1,0,0,0,0,0,0,0,0,0,0,0,0,0,0,0,0,0,0,0,0,0,0,0,0,0,FAILED
441,0,1,0,0,0,0,0,0,0,0,0,0,0,0,0,0,0,0,0,0,0,0,0,0,0,0,0,FAILED
442,0,1,0,0,0,0,0,0,0,0,0,0,0,0,0,0,0,0,0,0,0,0,0,0,0,0,0,FAILED
443,20,13,4,2,0,0,0,0,0,0,0,1,0,1,0,0,0,0,0,1,0,0,2,0,0,4,18,TRUE_ENCRYPTION
444,3,7,0,0,0,0,0,0,0,0,0,0,0,0,0,0,0,0,0,0,0,0,0,0,0,1,10,TRUE_ENCRYPTION
445,0,1,0,0,0,0,0,0,0,0,0,0,0,0,0,0,0,0,0,0,0,0,0,0,0,0,0,FAILED
446,20,21,5,2,1,0,0,0,0,0,0,0,0,0,0,0,0,0,0,2,0,1,6,0,0,2,13,TRUE_ENCRYPTION
447,15,18,0,0,0,1,4,0,0,0,0,0,0,0,4,0,0,0,3,0,0,1,0,0,0,1,40,TRUE_ENCRYPTION
448,0,1,0,0,0,0,0,0,0,0,0,0,0,0,0,0,0,0,0,0,0,0,0,0,0,0,0,FAILED
449,96,80,28,2,3,15,23,0,0,5,0,0,0,0,8,2,8,8,0,0,0,2,43,0,0,1,9,TRUE_ENCRYPTION
450,0,1,0,0,0,0,0,0,0,0,0,0,0,0,0,0,0,0,0,0,0,0,0,0,1,1,0,FAILED
451,0,1,0,0,0,0,0,0,0,0,0,0,0,0,0,0,0,0,0,0,0,0,0,0,0,0,0,FAILED
452,0,1,0,0,0,0,0,0,0,0,0,0,0,0,0,0,0,0,0,0,0,0,0,0,0,0,0,FAILED
453,1,2,0,0,0,0,0,0,0,0,0,0,0,0,0,0,0,0,0,0,0,0,0,0,0,0,2314,TRUE_ENCRYPTION
454,14,19,4,2,0,0,0,0,0,0,0,1,1,2,0,0,0,0,0,1,0,0,2,0,0,5,19,TRUE_ENCRYPTION
455,3,7,0,0,0,0,0,0,0,0,0,0,0,0,0,0,0,0,0,0,0,0,0,0,0,1,10,TRUE_ENCRYPTION
456,6,9,0,0,0,0,0,0,0,0,0,0,0,0,0,0,0,0,0,0,0,1,0,0,0,2,2,TRUE_ENCRYPTION
457,25,21,5,2,1,0,0,0,0,0,0,0,0,0,0,0,0,0,0,2,0,1,6,0,0,4,15,TRUE_ENCRYPTION
458,0,1,0,0,0,0,0,0,0,0,0,0,0,0,0,0,0,0,0,0,0,0,0,0,0,0,0,FAILED
459,0,1,0,0,0,0,0,0,0,0,0,0,0,0,0,0,0,0,0,0,0,0,0,0,0,0,0,FAILED
460,138,129,29,2,3,21,46,5,0,5,0,0,0,0,17,4,14,14,0,0,0,0,74,0,0,1,0,TRUE_ENCRYPTION
461,0,1,0,0,0,0,0,0,0,0,0,0,0,0,0,0,0,0,0,0,0,0,0,0,1,1,0,FAILED
462,0,1,0,0,0,0,0,0,0,0,0,0,0,0,0,0,0,0,0,0,0,0,0,0,0,0,0,FAILED
463,0,1,0,0,0,0,0,0,0,0,0,0,0,0,0,0,0,0,0,0,0,0,0,0,0,0,0,FAILED
464,7,10,0,0,0,0,0,0,0,0,0,0,0,0,0,0,0,0,0,0,0,0,0,0,0,5,9,TRUE_ENCRYPTION
465,0,0,0,0,0,0,0,0,0,0,0,0,0,0,0,0,0,0,0,0,0,0,0,0,0,0,0,FAILED
466,7,10,0,0,0,0,0,0,0,0,0,0,0,0,0,0,0,0,0,0,0,0,0,0,0,2,34,TRUE_ENCRYPTION
467,16,16,4,2,1,0,0,0,0,0,0,0,0,0,0,0,0,0,0,1,0,0,6,0,0,3,23,TRUE_ENCRYPTION
468,7,8,0,0,0,0,0,0,0,0,0,0,0,0,0,0,0,0,0,0,0,0,0,0,0,1,13,FAILED
469,0,1,0,0,0,0,0,0,0,0,0,0,0,0,0,0,0,0,0,0,0,0,0,0,0,0,0,FAILED
470,0,1,0,0,0,0,0,0,0,0,0,0,0,0,0,0,0,0,0,0,0,0,0,0,0,0,0,FAILED
471,7,12,0,0,0,0,0,0,0,0,0,0,0,0,0,0,0,0,0,0,0,0,0,0,0,4,17,TRUE_ENCRYPTION
472,12,16,3,0,0,0,0,0,0,0,0,2,0,0,0,0,0,0,0,0,0,0,2,0,0,5,51,TRUE_ENCRYPTION
473,0,1,0,0,0,0,0,0,0,0,0,0,0,0,0,0,0,0,0,0,0,0,0,0,0,0,0,FAILED
474,12,16,3,0,0,0,0,0,0,0,0,2,0,0,0,0,0,0,0,0,0,0,2,0,0,5,64,TRUE_ENCRYPTION
475,0,1,0,0,0,0,0,0,0,0,0,0,0,0,0,0,0,0,0,0,0,0,0,0,0,0,0,FAILED
476,1,1,0,0,0,0,0,0,0,0,0,0,0,0,0,0,0,0,0,0,0,0,0,0,0,0,0,FAILED
477,0,1,0,0,0,0,0,0,0,0,0,0,0,0,0,0,0,0,0,0,0,0,0,0,0,0,0,FAILED
478,7,10,3,0,0,0,0,0,0,0,0,1,0,0,0,0,0,0,0,0,0,0,1,0,0,2,25,TRUE_ENCRYPTION
479,0,1,0,0,0,0,0,0,0,0,0,0,0,0,0,0,0,0,0,0,0,0,0,0,0,0,0,FAILED
480,12,17,3,0,0,0,0,0,0,0,0,2,0,0,0,0,0,0,0,0,0,0,2,0,0,5,64,TRUE_ENCRYPTION
481,0,1,0,0,0,0,0,0,0,0,0,0,0,0,0,0,0,0,0,0,0,0,0,0,0,0,0,FAILED
482,12,17,3,0,0,0,0,0,0,0,0,2,0,0,0,0,0,0,0,0,0,0,2,0,0,5,66,TRUE_ENCRYPTION
483,0,1,0,0,0,0,0,0,0,0,0,0,0,0,0,0,0,0,0,0,0,0,0,0,0,0,0,FAILED
484,8,14,3,0,0,0,0,0,0,0,0,2,0,0,0,0,0,0,0,0,0,0,2,0,0,2,23,TRUE_ENCRYPTION
485,0,0,0,0,0,0,0,0,0,0,0,0,0,0,0,0,0,0,0,0,0,0,0,0,0,0,0,FAILED
486,7,12,3,0,0,0,0,0,0,0,0,2,0,0,0,0,0,0,0,0,0,0,2,0,0,2,25,TRUE_ENCRYPTION
487,0,1,0,0,0,0,0,0,0,0,0,0,0,0,0,0,0,0,0,0,0,0,0,0,0,0,0,FAILED
488,13,19,3,0,0,0,0,0,0,0,0,2,0,0,0,0,0,0,0,0,0,0,2,0,0,3,23,TRUE_ENCRYPTION
489,0,1,0,0,0,0,0,0,0,0,0,0,0,0,0,0,0,0,0,0,0,0,0,0,0,0,0,FAILED
490,7,12,3,0,0,0,0,0,0,0,0,2,0,0,0,0,0,0,0,0,0,0,2,0,0,2,20,TRUE_ENCRYPTION
491,0,1,0,0,0,0,0,0,0,0,0,0,0,0,0,0,0,0,0,0,0,0,0,0,0,0,0,FAILED
492,11,13,4,4,0,0,0,0,0,2,0,1,0,2,0,0,0,0,0,1,0,1,5,0,0,0,3,TRUE_ENCRYPTION
493,7,8,0,0,0,0,0,0,0,0,0,0,0,0,0,0,0,0,0,0,0,0,1,0,0,2,9,NO_VICTIM_ACTIVITY
494,0,1,0,0,0,0,0,0,0,0,0,0,0,0,0,0,0,0,0,0,0,0,0,0,0,0,0,FAILED
495,7,11,0,0,0,0,0,0,0,0,0,0,0,0,0,0,0,0,0,0,0,0,0,0,0,4,5,TRUE_ENCRYPTION
496,0,1,0,0,0,0,0,0,0,0,0,0,0,0,0,0,0,0,0,0,0,0,0,0,1,1,0,FAILED
497,9,12,0,0,0,0,0,0,0,0,0,0,0,0,0,0,0,0,0,0,0,0,0,0,0,4,52,TRUE_ENCRYPTION
498,0,1,0,0,0,0,0,0,0,0,0,0,0,0,0,0,0,0,0,0,0,0,0,0,0,0,0,FAILED
499,0,1,0,0,0,0,0,0,0,0,0,0,0,0,0,0,0,0,0,0,0,0,0,0,0,0,0,FAILED
500,2,3,1,0,0,0,0,0,0,0,0,1,0,0,0,0,0,0,0,0,0,0,0,0,0,0,4,TRUE_ENCRYPTION
501,16,20,4,2,0,0,0,0,0,0,0,1,1,2,0,0,0,0,0,1,0,0,2,0,0,5,19,TRUE_ENCRYPTION
502,0,1,0,0,0,0,0,0,0,0,0,0,0,0,0,0,0,0,0,0,0,0,0,0,0,0,0,FAILED
503,1,2,0,0,0,0,0,0,0,0,0,0,0,0,0,0,0,0,0,0,0,0,0,0,0,0,0,FAILED
504,6,5,0,0,0,0,0,0,0,0,0,0,0,0,0,0,0,0,1,0,0,0,2,0,0,0,0,TRUE_ENCRYPTION
505,6,8,0,0,0,0,0,0,0,0,0,0,0,0,0,0,0,0,0,0,0,0,0,0,0,4,27,TRUE_ENCRYPTION
506,18,22,7,2,4,0,0,0,0,0,0,0,0,0,0,0,0,0,0,1,0,0,8,0,0,3,10,TRUE_ENCRYPTION
507,0,1,0,0,0,0,0,0,0,0,0,0,0,0,0,0,0,0,0,0,0,0,0,0,0,0,0,TRUE_ENCRYPTION
508,12,12,0,0,0,0,0,0,0,0,0,0,0,0,0,0,0,0,0,0,0,0,0,0,0,4,17,TRUE_ENCRYPTION
509,4,7,0,0,0,0,0,0,0,0,0,0,0,0,0,0,0,0,0,0,0,0,0,0,0,0,3,TRUE_ENCRYPTION
510,0,1,0,0,0,0,0,0,0,0,0,0,0,0,0,0,0,0,0,0,0,0,0,0,0,0,0,FAILED
511,0,1,0,0,0,0,0,0,0,0,0,0,0,0,0,0,0,0,0,0,0,0,0,0,0,0,0,FAILED
512,8,11,0,0,0,0,0,0,0,0,0,0,0,0,0,0,0,0,0,0,0,1,0,0,0,4,25,TRUE_ENCRYPTION
513,6,9,0,0,0,0,0,0,0,0,0,0,0,0,0,0,0,0,0,0,0,0,0,0,0,4,37,TRUE_ENCRYPTION
514,0,1,0,0,0,0,0,0,0,0,0,0,0,0,0,0,0,0,0,0,0,0,0,0,0,0,0,FAILED
515,0,1,0,0,0,0,0,0,0,0,0,0,0,0,0,0,0,0,0,0,0,0,0,0,0,0,0,FAILED
516,0,1,0,0,0,0,0,0,0,0,0,0,0,0,0,0,0,0,0,0,0,0,0,0,0,0,0,FAILED
517,0,1,0,0,0,0,0,0,0,0,0,0,0,0,0,0,0,0,0,0,0,0,0,0,1,1,0,FAILED
518,0,1,0,0,0,0,0,0,0,0,0,0,0,0,0,0,0,0,0,0,0,0,0,0,0,0,0,FAILED
519,0,1,0,0,0,0,0,0,0,0,0,0,0,0,0,0,0,0,0,0,0,0,0,0,0,0,0,FAILED
520,0,1,0,0,0,0,0,0,0,0,0,0,0,0,0,0,0,0,0,0,0,0,0,0,0,0,16,FAILED
521,0,1,0,0,0,0,0,0,0,0,0,0,0,0,0,0,0,0,0,0,0,0,0,0,0,0,0,FAILED
522,0,0,0,0,0,0,0,0,0,0,0,0,0,0,0,0,0,0,0,0,0,0,0,0,0,0,0,FAILED
523,2,3,0,0,0,0,0,0,0,0,0,0,0,0,0,0,0,0,0,0,0,0,0,0,0,0,0,TRUE_ENCRYPTION
524,9,12,3,0,0,0,0,0,0,0,0,1,0,0,0,0,0,0,0,0,0,0,1,0,0,4,42,TRUE_ENCRYPTION
525,0,1,0,0,0,0,0,0,0,0,0,0,0,0,0,0,0,0,0,0,0,0,0,0,0,0,0,FAILED
526,0,1,0,0,0,0,0,0,0,0,0,0,0,0,0,0,0,0,0,0,0,0,0,0,0,0,0,FAILED
527,0,1,0,0,0,0,0,0,0,0,0,0,0,0,0,0,0,0,0,0,0,0,0,0,1,1,0,FAILED
528,0,1,0,0,0,0,0,0,0,0,0,0,0,0,0,0,0,0,0,0,0,0,0,0,0,0,0,FAILED
529,0,1,0,0,0,0,0,0,0,0,0,0,0,0,0,0,0,0,0,0,0,0,0,0,0,0,0,FAILED
530,9,12,0,0,0,0,0,0,0,0,0,0,0,0,0,0,0,0,0,0,0,0,0,0,0,3,2318,TRUE_ENCRYPTION
531,4,6,1,0,0,0,0,0,0,0,0,1,0,0,0,0,0,0,0,0,0,0,0,0,0,0,3,TRUE_ENCRYPTION
532,0,0,0,0,0,0,0,0,0,0,0,0,0,0,0,0,0,0,0,0,0,0,0,0,0,0,0,FAILED
533,22,46,0,0,0,6,0,0,0,0,0,0,0,0,0,0,13,12,0,0,0,0,0,0,0,3,7,TRUE_ENCRYPTION
534,0,1,0,0,0,0,0,0,0,0,0,0,0,0,0,0,0,0,0,0,0,0,0,0,0,0,0,FAILED
535,8,9,0,0,0,0,0,0,0,0,0,0,0,0,0,0,0,0,0,0,0,0,0,0,0,2,13,FAILED
536,17,20,3,0,0,0,0,0,0,0,0,2,0,0,0,0,0,0,0,0,0,0,2,0,0,3,51,TRUE_ENCRYPTION
537,0,1,0,0,0,0,0,0,0,0,0,0,0,0,0,0,0,0,0,0,0,0,0,0,0,0,0,FAILED
538,0,1,0,0,0,0,0,0,0,0,0,0,0,0,0,0,0,0,0,0,0,0,0,0,0,0,0,FAILED
539,0,1,0,0,0,0,0,0,0,0,0,0,0,0,0,0,0,0,0,0,0,0,0,0,1,1,0,FAILED
540,0,1,0,0,0,0,0,0,0,0,0,0,0,0,0,0,0,0,0,0,0,0,0,0,0,0,0,FAILED
541,0,1,0,0,0,0,0,0,0,0,0,0,0,0,0,0,0,0,0,0,0,0,0,0,0,0,0,FAILED
542,0,1,0,0,0,0,0,0,0,0,0,0,0,0,0,0,0,0,0,0,0,0,0,0,0,0,0,FAILED
543,1,3,1,0,0,0,0,0,0,0,0,1,0,0,0,0,0,0,0,0,0,0,0,0,0,0,4,TRUE_ENCRYPTION
544,20,17,4,2,0,0,0,0,0,0,0,1,1,2,0,0,0,0,0,1,0,0,2,0,0,6,19,TRUE_ENCRYPTION
545,22,19,3,2,0,6,0,0,0,0,0,0,0,0,0,0,4,3,0,1,0,0,4,0,0,0,0,TRUE_ENCRYPTION
546,13,15,4,2,1,0,0,0,0,0,0,0,0,0,0,0,0,0,0,1,0,0,6,0,0,2,23,TRUE_ENCRYPTION
547,24,25,6,2,1,0,0,0,0,0,0,0,0,0,0,0,0,0,0,2,0,1,6,0,0,3,17,TRUE_ENCRYPTION
548,15,20,3,0,0,0,0,0,0,0,0,2,0,0,0,0,0,0,0,0,0,0,2,0,0,5,32,TRUE_ENCRYPTION
549,0,1,0,0,0,0,0,0,0,0,0,0,0,0,0,0,0,0,0,0,0,0,0,0,0,0,0,FAILED
550,11,13,0,0,0,0,2,0,0,0,0,0,0,0,1,0,0,0,0,0,0,0,2,0,0,2,31,NO_VICTIM_ACTIVITY
551,0,1,0,0,0,0,0,0,0,0,0,0,0,0,0,0,0,0,0,0,0,0,0,0,1,1,0,FAILED
552,192,125,0,0,0,47,40,0,0,0,0,0,0,0,20,0,50,46,0,0,0,0,0,0,0,2,17,FAILED
553,0,1,0,0,0,0,0,0,0,0,0,0,0,0,0,0,0,0,0,0,0,0,0,0,0,0,0,FAILED
554,14,16,0,0,0,0,0,0,0,0,0,0,0,0,0,0,0,0,0,0,0,0,1,0,0,4,2333,TRUE_ENCRYPTION
555,3,3,1,0,0,0,0,0,0,0,0,1,0,0,0,0,0,0,0,0,0,0,0,0,0,0,4,TRUE_ENCRYPTION
556,20,13,4,2,0,0,0,0,0,0,0,1,0,1,0,0,0,0,0,1,0,0,2,0,0,4,18,TRUE_ENCRYPTION
557,24,27,4,3,0,6,0,0,0,0,0,1,0,1,0,0,5,5,0,1,0,0,4,0,0,2,0,NO_VICTIM_ACTIVITY
558,14,16,4,2,1,0,0,0,0,0,0,0,0,0,0,0,0,0,0,1,0,1,5,0,0,2,23,TRUE_ENCRYPTION
559,9,11,0,0,0,0,0,0,0,0,0,0,0,0,0,0,0,0,0,0,0,0,0,0,0,3,24,NO_VICTIM_ACTIVITY
560,9,13,3,0,0,0,0,0,0,0,0,2,0,0,0,0,0,0,0,0,0,0,2,0,0,4,59,TRUE_ENCRYPTION
561,33,27,3,0,0,0,0,0,0,16,0,1,0,0,0,8,0,0,0,0,0,0,1,0,0,5,38,TRUE_ENCRYPTION
562,112,112,0,0,0,0,0,0,0,109,0,0,0,0,0,106,0,0,0,0,0,0,2,0,0,0,0,FAILED
563,34,27,3,0,0,0,0,0,0,16,0,1,0,0,0,8,0,0,0,0,0,0,1,0,0,5,42,TRUE_ENCRYPTION
564,13,18,3,0,0,0,0,0,0,0,0,2,0,0,0,0,0,0,0,0,0,0,3,0,0,4,64,TRUE_ENCRYPTION
565,0,1,0,0,0,0,0,0,0,0,0,0,0,0,0,0,0,0,0,0,0,0,0,0,0,0,0,FAILED
566,10,15,3,0,0,0,0,0,0,0,0,2,0,0,0,0,0,0,0,0,0,0,2,0,0,4,55,TRUE_ENCRYPTION
567,0,1,0,0,0,0,0,0,0,0,0,0,0,0,0,0,0,0,0,0,0,0,0,0,0,0,0,FAILED
568,0,0,0,0,0,0,0,0,0,0,0,0,0,0,0,0,0,0,0,0,0,0,0,0,0,0,0,FAILED
569,0,1,0,0,0,0,0,0,0,0,0,0,0,0,0,0,0,0,0,0,0,0,0,0,0,0,0,FAILED
570,21,20,7,6,0,0,0,0,0,0,0,1,0,2,0,0,0,0,0,1,0,0,4,0,0,4,47,TRUE_ENCRYPTION
571,0,1,0,0,0,0,0,0,0,0,0,0,0,0,0,0,0,0,0,0,0,0,0,0,0,0,0,FAILED
572,11,16,3,0,0,0,0,0,0,0,0,2,0,0,0,0,0,0,0,0,0,0,2,0,0,5,57,TRUE_ENCRYPTION
573,0,1,0,0,0,0,0,0,0,0,0,0,0,0,0,0,0,0,0,0,0,0,0,0,0,0,0,FAILED
574,0,1,0,0,0,0,0,0,0,0,0,0,0,0,0,0,0,0,0,0,0,0,0,0,0,0,0,FAILED
575,0,1,0,0,0,0,0,0,0,0,0,0,0,0,0,0,0,0,0,0,0,0,0,0,1,1,0,FAILED
576,217,141,0,0,0,55,47,0,0,0,0,0,0,0,22,0,57,55,0,0,0,0,0,0,0,2,2,FAILED
577,0,1,0,0,0,0,0,0,0,0,0,0,0,0,0,0,0,0,0,0,0,0,0,0,0,0,0,FAILED
578,12,16,3,0,0,0,0,0,0,0,0,2,0,0,0,0,0,0,0,0,0,0,3,0,0,4,57,TRUE_ENCRYPTION
579,0,1,0,0,0,0,0,0,0,0,0,0,0,0,0,0,0,0,0,0,0,0,0,0,0,0,0,FAILED
580,0,1,0,0,0,0,0,0,0,0,0,0,0,0,0,0,0,0,0,0,0,0,0,0,0,0,0,FAILED
581,8,10,0,0,0,0,0,0,0,0,0,0,0,0,0,0,0,0,0,0,0,1,0,0,0,5,30,TRUE_ENCRYPTION
582,11,16,3,0,0,0,0,0,0,0,0,2,0,0,0,0,0,0,0,0,0,0,2,0,0,4,58,TRUE_ENCRYPTION
583,0,1,0,0,0,0,0,0,0,0,0,0,0,0,0,0,0,0,0,0,0,0,0,0,0,0,0,FAILED
584,11,17,3,0,0,0,0,0,0,0,0,2,0,0,0,0,0,0,0,0,0,0,2,0,0,4,56,TRUE_ENCRYPTION
585,0,1,0,0,0,0,0,0,0,0,0,0,0,0,0,0,0,0,0,0,0,0,0,0,0,0,0,FAILED
586,159,160,13,0,0,49,0,0,0,0,0,0,0,0,0,0,48,48,0,0,0,0,63,0,0,0,0,FAILED
587,8,10,0,0,0,0,0,0,0,0,0,0,0,0,0,0,0,0,0,0,0,1,0,0,0,5,34,TRUE_ENCRYPTION
588,8,12,3,0,0,0,0,0,0,0,0,2,0,0,0,0,0,0,0,0,0,0,2,0,0,2,32,TRUE_ENCRYPTION
589,0,1,0,0,0,0,0,0,0,0,0,0,0,0,0,0,0,0,0,0,0,0,0,0,0,0,0,FAILED
590,6,10,0,0,0,0,0,0,0,0,0,0,0,0,0,0,0,0,0,0,0,0,0,0,0,4,28,TRUE_ENCRYPTION
591,7,9,0,0,0,0,0,0,0,0,0,0,0,0,0,0,0,0,0,0,0,1,0,0,0,4,32,TRUE_ENCRYPTION
592,8,11,3,0,0,0,0,0,0,0,0,1,0,0,0,0,0,0,0,0,0,0,1,0,0,4,32,FAILED
593,11,16,3,0,0,0,0,0,0,0,0,2,0,0,0,0,0,0,0,0,0,0,2,0,0,5,45,TRUE_ENCRYPTION
594,0,1,0,0,0,0,0,0,0,0,0,0,0,0,0,0,0,0,0,0,0,0,0,0,0,0,0,FAILED
595,0,0,0,0,0,0,0,0,0,0,0,0,0,0,0,0,0,0,0,0,0,0,0,0,0,0,0,FAILED
596,7,9,0,0,0,0,0,0,0,0,0,0,0,0,0,0,0,0,0,0,0,1,0,0,0,4,28,TRUE_ENCRYPTION
597,217,133,0,0,0,53,49,0,0,0,0,0,0,0,20,0,56,50,0,0,0,0,0,0,0,2,2,FAILED
598,0,1,0,0,0,0,0,0,0,0,0,0,0,0,0,0,0,0,0,0,0,0,0,0,0,0,0,FAILED
599,11,13,0,0,0,0,0,0,0,0,0,0,0,0,0,0,0,0,0,0,0,0,1,0,0,5,2327,TRUE_ENCRYPTION
600,14,17,4,2,0,0,0,0,0,0,0,1,1,2,0,0,0,0,0,1,0,0,2,0,0,4,6,TRUE_ENCRYPTION
601,0,1,0,0,0,0,0,0,0,0,0,0,0,0,0,0,0,0,0,0,0,0,0,0,0,0,0,TRUE_ENCRYPTION
602,0,1,0,0,0,0,0,0,0,0,0,0,0,0,0,0,0,0,0,0,0,0,0,0,0,0,0,TRUE_ENCRYPTION
603,20,22,6,2,1,0,0,0,0,0,0,0,0,0,0,0,0,0,0,2,0,1,6,0,0,3,18,TRUE_ENCRYPTION
604,16,16,3,0,0,0,0,0,0,0,0,2,0,0,0,0,0,0,0,0,0,0,2,0,0,4,29,TRUE_ENCRYPTION
605,0,1,0,0,0,0,0,0,0,0,0,0,0,0,0,0,0,0,0,0,0,0,0,0,0,0,0,FAILED
606,0,0,0,0,0,0,0,0,0,0,0,0,0,0,0,0,0,0,0,0,0,0,0,0,0,0,0,FAILED
607,7,11,0,0,0,0,0,0,0,0,0,0,0,0,0,0,0,0,0,0,0,1,0,0,0,6,24,TRUE_ENCRYPTION
608,0,1,0,0,0,0,0,0,0,0,0,0,0,0,0,0,0,0,0,0,0,0,0,0,0,0,0,FAILED
609,0,1,0,0,0,0,0,0,0,0,0,0,0,0,0,0,0,0,0,0,0,0,0,0,0,0,0,FAILED
610,8,10,0,0,0,0,0,0,0,0,0,0,0,0,0,0,0,0,0,0,0,0,0,0,0,5,11,TRUE_ENCRYPTION
611,14,13,4,2,0,0,0,0,0,0,0,1,0,1,0,0,0,0,0,1,0,0,2,0,0,4,13,TRUE_ENCRYPTION
612,0,1,0,0,0,0,0,0,0,0,0,0,0,0,0,0,0,0,0,0,0,0,0,0,0,0,0,FAILED
613,6,5,0,0,0,0,0,0,0,0,0,0,0,0,0,0,0,0,1,0,0,0,2,0,0,0,0,TRUE_ENCRYPTION
614,22,28,4,2,0,0,0,0,0,0,0,0,0,0,0,0,0,0,0,2,0,1,6,0,0,4,28,TRUE_ENCRYPTION
615,14,18,3,0,0,0,0,0,0,0,0,2,0,0,0,0,0,0,0,0,0,0,2,0,0,5,46,TRUE_ENCRYPTION
616,0,1,0,0,0,0,0,0,0,0,0,0,0,0,0,0,0,0,0,0,0,0,0,0,0,0,0,FAILED
617,4,9,0,0,0,0,0,0,0,0,0,0,0,0,0,0,0,0,0,0,0,0,0,0,0,2,16,TRUE_ENCRYPTION
618,8,10,0,0,0,0,0,0,0,0,0,0,0,0,0,0,0,0,0,0,0,1,0,0,0,5,34,TRUE_ENCRYPTION
619,0,0,0,0,0,0,0,0,0,0,0,0,0,0,0,0,0,0,0,0,0,0,0,0,0,0,0,FAILED
620,0,1,0,0,0,0,0,0,0,0,0,0,0,0,0,0,0,0,0,0,0,0,0,0,0,0,0,FAILED
621,0,1,0,0,0,0,0,0,0,0,0,0,0,0,0,0,0,0,0,0,0,0,0,0,0,0,0,FAILED
622,16,17,4,2,0,0,0,0,0,0,0,1,1,2,0,0,0,0,0,1,0,0,2,0,0,3,17,TRUE_ENCRYPTION
623,11,14,0,0,0,0,0,0,2,0,0,0,0,0,0,0,0,0,0,0,0,0,1,0,0,3,6,TRUE_ENCRYPTION
624,14,16,4,2,1,0,0,0,0,0,0,0,0,0,0,0,0,0,0,1,0,1,5,0,0,2,23,TRUE_ENCRYPTION
625,0,1,0,0,0,0,0,0,0,0,0,0,0,0,0,0,0,0,0,0,0,0,0,0,0,0,16,FAILED
626,13,19,3,0,0,0,0,0,0,0,0,2,0,0,0,0,0,0,0,0,0,0,2,0,0,5,24,TRUE_ENCRYPTION
627,0,1,0,0,0,0,0,0,0,0,0,0,0,0,0,0,0,0,0,0,0,0,0,0,0,0,0,FAILED
628,7,12,0,0,0,0,0,0,0,0,0,0,0,0,0,0,0,0,0,0,0,0,0,0,0,4,8,TRUE_ENCRYPTION
629,8,10,0,0,0,0,0,0,0,0,0,0,0,0,0,0,0,0,0,0,0,1,0,0,0,5,34,TRUE_ENCRYPTION
630,0,1,0,0,0,0,0,0,0,0,0,0,0,0,0,0,0,0,0,0,0,0,0,0,0,0,0,FAILED
631,0,1,0,0,0,0,0,0,0,0,0,0,0,0,0,0,0,0,0,0,0,0,0,0,0,0,0,FAILED
632,8,14,0,0,0,0,0,0,0,0,0,0,0,0,0,0,0,0,0,0,0,0,0,0,0,6,0,TRUE_ENCRYPTION
633,14,20,3,2,0,0,0,0,0,0,0,1,0,2,0,0,0,0,0,1,0,0,2,0,0,3,19,TRUE_ENCRYPTION
634,29,53,2,0,0,6,0,0,2,0,0,0,0,0,0,0,14,14,0,1,0,0,2,0,0,5,23,TRUE_ENCRYPTION
635,100,89,0,0,0,0,39,0,0,0,0,0,0,0,41,0,18,17,0,0,0,0,2,0,0,3,4,TRUE_ENCRYPTION
636,20,21,4,2,1,0,0,0,0,0,0,0,0,0,0,0,0,0,0,2,0,0,6,0,0,4,17,TRUE_ENCRYPTION
637,0,1,0,0,0,0,0,0,0,0,0,0,0,0,0,0,0,0,0,0,0,0,0,0,0,0,16,FAILED
638,0,1,0,0,0,0,0,0,0,0,0,0,0,0,0,0,0,0,0,0,0,0,0,0,0,0,0,FAILED
639,8,12,0,0,0,0,0,0,0,0,0,0,0,0,0,0,0,0,0,0,0,0,0,0,0,4,7,TRUE_ENCRYPTION
640,8,10,0,0,0,0,0,0,0,0,0,0,0,0,0,0,0,0,0,0,0,1,0,0,0,4,34,TRUE_ENCRYPTION
641,7,10,0,0,0,0,0,0,0,0,0,0,0,0,0,0,0,0,0,0,0,0,0,0,0,4,51,TRUE_ENCRYPTION
642,0,1,0,0,0,0,0,0,0,0,0,0,0,0,0,0,0,0,0,0,0,0,0,0,0,0,0,FAILED
643,0,0,0,0,0,0,0,0,0,0,0,0,0,0,0,0,0,0,0,0,0,0,0,0,0,0,0,FAILED
644,14,17,4,2,0,0,0,0,0,0,0,1,1,2,0,0,0,0,0,1,0,0,2,0,0,3,6,TRUE_ENCRYPTION
645,0,0,0,0,0,0,0,0,0,0,0,0,0,0,0,0,0,0,0,0,0,0,0,0,0,0,0,FAILED
646,10,13,4,2,1,0,0,0,0,0,0,0,0,0,0,0,0,0,0,1,0,0,6,0,0,1,0,TRUE_ENCRYPTION
647,16,20,3,2,1,0,0,0,0,0,0,0,0,0,0,0,0,0,0,2,0,0,6,0,0,4,27,TRUE_ENCRYPTION
648,1,2,0,0,0,0,0,0,0,0,0,0,0,0,0,0,0,0,0,0,0,0,0,0,0,0,0,FAILED
649,0,1,0,0,0,0,0,0,0,0,0,0,0,0,0,0,0,0,0,0,0,0,0,0,0,0,0,FAILED
650,8,12,0,0,0,0,0,0,0,0,0,0,0,0,0,0,0,0,0,0,0,0,0,0,0,4,18,TRUE_ENCRYPTION
651,8,10,0,0,0,0,0,0,0,0,0,0,0,0,0,0,0,0,0,0,0,1,0,0,0,4,34,TRUE_ENCRYPTION
652,9,13,0,0,0,0,0,0,0,0,0,0,0,0,0,0,0,0,0,0,0,0,0,0,0,5,25,TRUE_ENCRYPTION
653,0,1,0,0,0,0,0,0,0,0,0,0,0,0,0,0,0,0,0,0,0,0,0,0,0,0,0,FAILED
654,0,0,0,0,0,0,0,0,0,0,0,0,0,0,0,0,0,0,0,0,0,0,0,0,0,0,0,FAILED
655,15,18,4,2,0,0,0,0,0,0,0,1,1,2,0,0,0,0,0,1,0,0,2,0,0,3,8,TRUE_ENCRYPTION
656,0,0,0,0,0,0,0,0,0,0,0,0,0,0,0,0,0,0,0,0,0,0,0,0,0,0,0,FAILED
657,16,18,4,2,1,0,0,0,0,0,0,0,0,0,0,0,0,0,0,1,0,0,5,0,0,3,15,TRUE_ENCRYPTION
658,7,9,0,0,0,0,0,0,0,0,0,0,0,0,0,0,0,0,0,0,0,0,0,0,0,3,2,FAILED
659,0,1,0,0,0,0,0,0,0,0,0,0,0,0,0,0,0,0,0,0,0,0,0,0,0,0,0,FAILED
660,11,13,0,0,0,0,0,0,0,0,0,0,0,0,0,0,0,0,0,0,0,0,0,0,0,5,18,TRUE_ENCRYPTION
661,0,1,0,0,0,0,0,0,0,0,0,0,0,0,0,0,0,0,0,0,0,0,0,0,0,0,0,FAILED
662,0,0,0,0,0,0,0,0,0,0,0,0,0,0,0,0,0,0,0,0,0,0,0,0,0,0,0,FAILED
663,0,1,0,0,0,0,0,0,0,0,0,0,0,0,0,0,0,0,0,0,0,0,0,0,0,0,0,FAILED
664,0,1,0,0,0,0,0,0,0,0,0,0,0,0,0,0,0,0,0,0,0,0,0,0,0,0,0,FAILED
665,12,17,3,0,0,0,0,0,0,0,0,1,0,0,0,0,0,0,0,1,0,0,2,0,0,4,5,TRUE_ENCRYPTION
666,0,0,0,0,0,0,0,0,0,0,0,0,0,0,0,0,0,0,0,0,0,0,0,0,0,0,0,FAILED
667,17,19,4,2,1,0,0,0,0,0,0,0,0,0,0,0,0,0,0,2,0,0,6,0,0,2,17,TRUE_ENCRYPTION
668,7,10,0,0,0,0,0,0,0,0,0,0,0,0,0,0,0,0,0,0,0,0,0,0,0,3,2,FAILED
669,0,1,0,0,0,0,0,0,0,0,0,0,0,0,0,0,0,0,0,0,0,0,0,0,0,0,0,FAILED
670,5,12,0,0,0,0,0,0,0,0,0,0,0,0,0,0,0,0,0,0,0,0,0,0,0,5,18,TRUE_ENCRYPTION
671,8,10,0,0,0,0,0,0,0,0,0,0,0,0,0,0,0,0,0,0,0,1,0,0,0,4,34,TRUE_ENCRYPTION
672,7,11,0,0,0,0,0,0,0,0,0,0,0,0,0,0,0,0,0,0,0,0,0,0,0,4,38,TRUE_ENCRYPTION
673,0,0,0,0,0,0,0,0,0,0,0,0,0,0,0,0,0,0,0,0,0,0,0,0,0,0,0,FAILED
674,0,0,0,0,0,0,0,0,0,0,0,0,0,0,0,0,0,0,0,0,0,0,0,0,0,0,0,FAILED
675,0,1,0,0,0,0,0,0,0,0,0,0,0,0,0,0,0,0,0,0,0,0,0,0,0,0,0,FAILED
676,18,19,0,0,0,5,0,0,0,0,0,0,0,0,0,0,6,6,0,0,0,0,0,0,0,0,6,TRUE_ENCRYPTION
677,17,19,4,2,1,0,0,0,0,0,0,0,0,0,0,0,0,0,0,2,0,0,6,0,0,3,16,TRUE_ENCRYPTION
678,11,16,3,0,0,0,0,0,0,0,0,2,0,0,0,0,0,0,0,0,0,0,2,0,0,4,64,TRUE_ENCRYPTION
679,0,1,0,0,0,0,0,0,0,0,0,0,0,0,0,0,0,0,0,0,0,0,0,0,0,0,0,FAILED
680,8,12,0,0,0,0,0,0,0,0,0,0,0,0,0,0,0,0,0,0,0,0,0,0,0,4,18,TRUE_ENCRYPTION
681,8,11,0,0,0,0,0,0,0,0,0,0,0,0,0,0,0,0,0,0,0,1,0,0,0,4,34,TRUE_ENCRYPTION
682,9,13,0,0,0,0,0,0,0,0,0,0,0,0,0,0,0,0,0,0,0,0,0,0,0,5,41,TRUE_ENCRYPTION
683,0,1,0,0,0,0,0,0,0,0,0,0,0,0,0,0,0,0,0,0,0,0,0,0,0,0,0,FAILED
684,6,8,0,0,0,0,0,0,0,0,0,0,0,0,0,0,0,0,0,0,0,0,0,0,0,5,25,TRUE_ENCRYPTION
685,14,20,4,2,0,0,0,0,0,0,0,1,1,2,0,0,0,0,0,1,0,0,2,0,0,5,6,TRUE_ENCRYPTION
686,21,22,0,0,0,6,0,0,0,0,0,0,0,0,0,0,8,6,0,0,0,0,0,0,0,2,0,TRUE_ENCRYPTION
687,6,8,0,0,0,0,0,0,0,0,0,0,0,0,0,0,0,0,0,0,0,0,0,0,0,2,9,NO_VICTIM_ACTIVITY
688,14,16,3,0,0,0,0,0,0,0,0,2,0,0,0,0,0,0,0,0,0,0,2,0,0,6,57,TRUE_ENCRYPTION
689,0,1,0,0,0,0,0,0,0,0,0,0,0,0,0,0,0,0,0,0,0,0,0,0,0,0,0,FAILED
690,8,12,0,0,0,0,0,0,0,0,0,0,0,0,0,0,0,0,0,0,0,0,0,0,0,5,5,TRUE_ENCRYPTION
691,8,10,0,0,0,0,0,0,0,0,0,0,0,0,0,0,0,0,0,0,0,1,0,0,0,4,34,TRUE_ENCRYPTION
692,0,0,0,0,0,0,0,0,0,0,0,0,0,0,0,0,0,0,0,0,0,0,0,0,0,0,0,FAILED
693,0,1,0,0,0,0,0,0,0,0,0,0,0,0,0,0,0,0,0,0,0,0,0,0,0,0,0,FAILED
694,0,1,0,0,0,0,0,0,0,0,0,0,0,0,0,0,0,0,0,0,0,0,0,0,0,0,0,FAILED
695,18,20,4,2,0,0,0,0,0,0,0,1,1,2,0,0,0,0,0,1,0,0,2,0,0,5,17,TRUE_ENCRYPTION
696,19,20,0,0,0,6,0,0,0,0,0,0,0,0,0,0,6,6,0,0,0,0,0,0,0,1,0,TRUE_ENCRYPTION
697,5,8,0,0,0,0,0,0,0,0,0,0,0,0,0,0,0,0,0,0,0,0,0,0,0,2,12,NO_VICTIM_ACTIVITY
698,9,16,3,0,0,0,0,0,0,0,0,1,0,0,0,0,0,0,0,0,0,0,1,0,0,5,21,TRUE_ENCRYPTION
699,0,1,0,0,0,0,0,0,0,0,0,0,0,0,0,0,0,0,0,0,0,0,0,0,0,0,0,FAILED
700,6,10,0,0,0,0,0,0,0,0,0,0,0,0,0,0,0,0,0,0,0,0,0,0,0,4,28,TRUE_ENCRYPTION
