task_id,label,label_as_given,batch,note
73,N,C,1,"old scheme C: console or other activity, encryption unclear"
74,A,A,1,
75,A2,B,1,corrected: code found note/append/decoy evidence the old B/C labelling could not see
76,N,C,1,"old scheme C: console or other activity, encryption unclear"
77,A,A,1,
78,N,C,1,"old scheme C: console or other activity, encryption unclear"
79,A,A,1,
80,A,A,1,
81,N,C,1,"old scheme C: console or other activity, encryption unclear"
82,A,A,1,
83,A,A,1,
84,A,A,1,
85,A,A,1,
86,A,A,1,
87,A,A,1,
88,A,A,1,
89,A,A,1,
90,A,A,1,
91,A,A,1,
92,A,A,1,
93,A,A,1,
94,A,A,1,
95,A,A,1,
96,A,A,1,
97,A,A,1,
98,A,A,1,
99,N,B,1,old scheme B: little activity
100,F,A,1,corrected: screen showed encryption but nothing was recorded
101,F,A,1,corrected: screen showed encryption but nothing was recorded
102,A,A,1,
103,A,A,1,
104,A,A,1,
105,A,A,1,
106,A,A,1,
107,N,C,1,"old scheme C: console or other activity, encryption unclear"
108,A,A,1,
109,A,A,1,
110,A,A,1,
111,A,A,1,
112,A,A,1,
113,A,A,1,
114,A,A,1,
115,A,A,1,
116,A,A,1,
117,A,A,1,
118,A,A,1,
119,A,A,1,
120,A,A,1,
121,A,A,1,
122,A,A,1,
123,N,B,1,old scheme B: little activity
124,A,A,1,
125,N,B,1,old scheme B: little activity
126,A,A,1,
127,A2,C,1,corrected: code found note/append/decoy evidence the old B/C labelling could not see
128,A2,C,1,corrected: code found note/append/decoy evidence the old B/C labelling could not see
129,A,A,1,
130,A,A,1,
131,A,A,1,
132,A,A,1,
133,A,A,1,
134,A,A,1,
135,N,B,1,old scheme B: little activity
136,A,A,1,
138,A2,C,1,corrected: code found note/append/decoy evidence the old B/C labelling could not see
139,A,A,1,
140,A,A,1,
141,A2,C,1,corrected: code found note/append/decoy evidence the old B/C labelling could not see
142,A,A,1,
143,A,A,1,
144,A,A,1,
145,A,A,1,
146,A,A,1,
147,A2,B,1,corrected: code found note/append/decoy evidence the old B/C labelling could not see
148,N,B,1,old scheme B: little activity
149,N,B,1,old scheme B: little activity
150,N,B,1,old scheme B: little activity
151,A2,C,1,corrected: code found note/append/decoy evidence the old B/C labelling could not see
152,A,A,1,
154,N,B,1,old scheme B: little activity
155,N,B,1,old scheme B: little activity
156,A,A,1,
157,A,A,1,
158,A,A,1,
201,A2,C,1,corrected: code found note/append/decoy evidence the old B/C labelling could not see
202,A,A,1,
203,A,A,1,
204,N,B,1,old scheme B: little activity
205,A2,B,1,corrected: code found note/append/decoy evidence the old B/C labelling could not see
206,N,B,1,old scheme B: little activity
207,A,A,1,
208,F,A,1,corrected: screen showed encryption but nothing was recorded
209,A,A,1,
210,A,A,1,
211,A,A,1,
212,N,B,1,old scheme B: little activity
213,N,B,1,old scheme B: little activity
214,N,B,1,old scheme B: little activity
215,A,A,1,
216,A,A,1,
217,A,A,1,
218,A,A,2,
219,N,B,2,old scheme B
220,A2,C,2,corrected: code found note/append/decoy evidence the old B/C labelling could not see
221,A,A,2,
222,A2,B,2,corrected: code found note/append/decoy evidence the old B/C labelling could not see
223,A2,C,2,corrected: code found note/append/decoy evidence the old B/C labelling could not see
224,N,B,2,old scheme B
225,N,B,2,old scheme B
226,A,A,2,
227,A2,B,2,corrected: code found note/append/decoy evidence the old B/C labelling could not see
228,F,F,2,analysis did not stand up
229,F,F,2,analysis did not stand up
230,F,F,2,analysis did not stand up
231,F,F,2,analysis did not stand up
232,F,F,2,analysis did not stand up
233,F,F,2,analysis did not stand up
234,F,F,2,analysis did not stand up
235,F,F,2,analysis did not stand up
236,F,F,2,analysis did not stand up
237,F,F,2,analysis did not stand up
238,F,F,2,analysis did not stand up
239,F,F,2,analysis did not stand up
240,F,F,2,analysis did not stand up
241,F,F,2,analysis did not stand up
242,F,F,2,analysis did not stand up
243,A,A,2,
244,A2,A,2,"confirmed from summary, not visible on screen"
245,N,B,2,old scheme B
246,A2,A,2,"confirmed from summary, not visible on screen"
247,N,B,2,old scheme B
248,N,B,2,old scheme B
249,N,B,2,old scheme B
250,A2,A,2,"confirmed from summary, not visible on screen"
251,N,B,2,old scheme B
252,A2,A,2,"confirmed from summary, not visible on screen"
253,A,A,2,
254,A,A,2,
255,A,A,2,
256,A2,B,2,corrected: code found note/append/decoy evidence the old B/C labelling could not see
257,A2,A,2,"AMBIGUOUS: recorded as 'C, same as 244'; treated as A2 -- check"
258,A,A,2,
259,A2,A,2,"confirmed from summary, not visible on screen"
260,A,A,2,
261,A,A,2,
262,A,A,2,
263,A2,A,2,"confirmed from summary, not visible on screen"
264,F,F,2,analysis did not stand up
265,N,B,2,old scheme B
266,A2,A,2,"confirmed from summary, not visible on screen"
267,A,A,2,
268,A2,B,2,corrected: code found note/append/decoy evidence the old B/C labelling could not see
269,A2,A,2,"confirmed from summary, not visible on screen"
270,A,A,2,
271,N,B,2,old scheme B
272,A2,A,2,"confirmed from summary, not visible on screen"
273,A,A,2,
274,A,A,2,
275,A,A,2,
276,N,B,2,old scheme B
277,A,A,2,
278,N,B,2,old scheme B
279,N,B,2,old scheme B
280,N,B,2,old scheme B
281,A,A,2,
282,A,A,2,
283,A,A,2,
284,N,B,2,old scheme B
285,A,A,2,
286,A,A,2,
287,A,A,2,
288,A,A,2,
289,N,B,2,old scheme B
290,A,A,2,
291,A,A,2,
292,A2,B,2,corrected: code found note/append/decoy evidence the old B/C labelling could not see
293,A,A,2,
294,A2,B,2,corrected: code found note/append/decoy evidence the old B/C labelling could not see
295,A,A,2,
296,A,A,2,
297,A,A,2,
298,A,A,2,
299,A,A,2,
300,A,A,2,
301,F,F,3,
302,F,F,3,
303,N,N,3,
304,N,N,3,
305,N,N,3,
306,N,N,3,
307,N,N,3,
308,N,N,3,
309,N,N,3,
310,N,N,3,
311,N,N,3,
312,N,N,3,
313,N,N,3,
314,N,N,3,
315,N,N,3,
316,N,N,3,
317,N,N,3,
318,N,N,3,
319,N,N,3,
320,F,F,3,
321,F,F,3,
322,A2,A2,3,
323,F,A,3,corrected: screen showed encryption but nothing was recorded
324,A,A,3,
325,N,N,3,
326,A2,A2,3,
327,A2,A2,3,
328,F,F,3,
329,A2,A2,3,
330,F,F,3,
331,N,N,3,
332,F,F,3,
333,A,A,3,
334,N,N,3,
335,F,F,3,
350,N,N,3,
351,F,F,3,
352,A2,N,3,corrected: code found note/append/decoy evidence the old B/C labelling could not see
353,N,N,3,
354,N,N,3,
355,N,N,3,
356,N,N,3,
357,N,N,3,
358,A2,A2,3,
359,A,A,3,
360,N,N,3,
361,A,A,3,
362,F,F,3,
363,A,A,3,
364,F,F,3,
365,N,N,3,
366,N,N,3,
367,N,N,3,
368,A2,A2,3,
369,F,F,3,
370,N,N,3,
371,A2,A2,3,
372,N,N,3,decryptor observed
373,F,F,3,
374,A2,A2,3,
375,N,N,3,
376,N,N,3,
377,N,N,3,
378,A,A,3,
379,F,F,3,
380,F,F,3,
381,F,F,3,
382,N,A2,3,"corrected: Zeppelin, self-copy as explorer.exe and network share probing but no file encryption; notepad launch was mistaken for a ransom note"
383,N,N,3,
384,F,F,3,
410,F,F,3,
411,F,F,3,
412,F,F,3,
413,F,F,3,
414,F,F,3,
415,F,F,3,
416,N,N,3,
417,N,N,3,
418,N,N,3,
419,A,A,3,
420,N,N,3,
421,N,N,3,
422,A,A,3,
423,A,A,3,
424,A2,A2,3,
425,A,A,3,
426,A,A,3,
427,A,A,3,
428,N,N,3,
429,A,A,3,
430,A2,A2,3,
431,A,A,3,
432,N,N,3,
433,A,A,3,
434,A2,A2,3,
435,N,N,3,
436,A2,A2,3,
437,N,N,3,
439,N,N,3,
440,N,N,3,
441,N,N,3,
442,F,A,3,corrected: screen showed encryption but nothing was recorded
443,A2,A2,3,
444,A2,A2,3,
445,N,N,3,
446,A,A,3,
447,A,A,3,
448,N,N,3,
449,A2,A2,3,
450,N,N,3,
451,N,N,3,
452,N,N,3,
453,A,A,3,
454,A2,A2,3,
455,A2,A2,3,
456,A,A,3,
457,A2,A2,3,
458,N,N,3,
459,N,N,3,
460,A2,A2,3,
461,N,N,3,
462,N,N,3,
463,N,N,3,
464,A,A,3,
465,N,N,3,
466,A2,N,3,corrected: code found note/append/decoy evidence the old B/C labelling could not see
467,A,A,3,
469,N,N,3,
470,N,N,3,
471,A,A,3,
472,A,A,3,
473,N,N,3,
474,A,A,3,
475,N,N,3,
476,N,N,3,
477,N,N,3,
478,A,A,3,
479,N,N,3,
480,A,A,3,
481,N,N,3,
482,A,A,3,
483,N,N,3,
484,A,A,3,
485,N,N,3,"architecture mismatch, did not launch"
486,A,A,3,
487,N,N,3,
488,A,A,3,
489,N,N,3,
490,A,A,3,
491,N,N,3,DLL rather than exe
492,A,A,3,
493,N,N,3,
494,N,N,3,
495,A,A,3,
496,N,N,3,
497,A,A,3,
498,N,N,3,
499,N,N,3,
500,A,A,3,
1345,N,N,4,"BlackCat, exits in ~120 calls without an operator access token"
1346,X,X,4,"installer UI shown, no ransomware behaviour observed"
1347,N,N,4,reported as unable to execute; wrong architecture or corrupt PE
1348,A,A,4,
1349,N,N,4,
1350,A,N,4,"originally N; Lorenz destroyed 5 decoy files and dropped Help.txt, which is encryption the screenshot pass did not show"
1351,A2,A2,4,
1352,A2,A2,4,
1353,A,A,4,
1354,N,A2,4,"originally A2; the 659 writes are PyInstaller unpacking its own Python runtime and the bundled cryptography package. Nothing was encrypted -- intent, not outcome"
1355,A2,A2,4,
1356,N,N,4,DLL rather than exe
1357,A,A,4,
1358,N,N,4,
1359,N,N,4,"BlackCat, same as 1345"
1360,N,N,4,
1361,A,A,4,
1362,A,A,4,
1363,N,N,4,
1364,A2,A2,4,
1365,A2,A2,4,
1366,A2,A2,4,
1367,A,A,4,
1368,A,A,4,
1369,A2,A2,4,
1370,N,N,4,
1371,N,N,4,"BlackCat, same as 1345"
1372,N,N,4,
1373,A2,A2,4,
1374,A,A,4,
1375,A2,A2,4,
1376,A2,A2,4,
1377,A2,A2,4,
1378,A2,A2,4,
1379,A,A,4,
1380,A,A,4,
1381,A2,A2,4,
1382,N,N,4,"preparation only, no encryption"
1383,A2,A2,4,
1384,A,A,4,
1385,A2,A2,4,
1386,A2,A2,4,
1387,A2,A2,4,
1388,A2,A2,4,
1389,A,A,4,
1390,A,A,4,
1391,A2,A2,4,
1392,N,N,4,
1393,N,N,4,
1394,A,A,4,
1395,A,A,4,
1396,A,A,4,
1397,A,A,4,
1398,A,A,4,
1399,A,A,4,
1400,N,N,4,
1401,A2,A2,4,
1402,A,A,4,
1403,N,N,4,DLL rather than exe
1404,A,A,4,
1405,A2,A2,4,
1406,X,X,4,some activity but nothing attributable to ransomware
1407,N,N,4,DLL rather than exe
1408,A2,A2,4,
1409,A2,A2,4,
1410,N,N,4,DLL rather than exe
1411,A2,A2,4,"MountLocker; extension change not visible by eye, caught by the ransom note"
1412,N,N,4,
1413,A,A,4,
1414,N,N,4,DLL rather than exe
1415,A,A,4,
1416,N,N,4,
1417,N,N,4,DLL rather than exe
1418,A2,A2,4,
1419,A2,A2,4,"MountLocker, same as 1411"
1420,N,N,4,
1421,A2,A2,4,"MountLocker, same as 1411"
