task_id,n_shots,cells_changed,cells_usable,cell_change_fraction,pixel_change_fraction,visual_change,verdict,destroyed_decoy_files,agreement,first_shot,last_shot
73,5,0,168,0.0,0.0005,no,,,,/opt/CAPEv2/storage/analyses/73/shots/0001.jpg,/opt/CAPEv2/storage/analyses/73/shots/0005.jpg
74,35,35,168,0.2083,0.0458,yes,,,,/opt/CAPEv2/storage/analyses/74/shots/0001.jpg,/opt/CAPEv2/storage/analyses/74/shots/0035.jpg
75,35,4,168,0.0238,0.0039,no,,,,/opt/CAPEv2/storage/analyses/75/shots/0001.jpg,/opt/CAPEv2/storage/analyses/75/shots/0035.jpg
76,105,139,168,0.8274,0.7162,yes,,,,/opt/CAPEv2/storage/analyses/76/shots/0001.jpg,/opt/CAPEv2/storage/analyses/76/shots/0105.jpg
77,28,37,168,0.2202,0.0505,yes,,,,/opt/CAPEv2/storage/analyses/77/shots/0001.jpg,/opt/CAPEv2/storage/analyses/77/shots/0028.jpg
78,14,139,168,0.8274,0.7167,yes,,,,/opt/CAPEv2/storage/analyses/78/shots/0001.jpg,/opt/CAPEv2/storage/analyses/78/shots/0014.jpg
79,27,31,168,0.1845,0.0347,yes,,,,/opt/CAPEv2/storage/analyses/79/shots/0001.jpg,/opt/CAPEv2/storage/analyses/79/shots/0027.jpg
80,52,168,168,1.0,0.9845,yes,,,,/opt/CAPEv2/storage/analyses/80/shots/0001.jpg,/opt/CAPEv2/storage/analyses/80/shots/0052.jpg
81,37,139,168,0.8274,0.7165,yes,,,,/opt/CAPEv2/storage/analyses/81/shots/0001.jpg,/opt/CAPEv2/storage/analyses/81/shots/0037.jpg
82,58,37,168,0.2202,0.0469,yes,,,,/opt/CAPEv2/storage/analyses/82/shots/0001.jpg,/opt/CAPEv2/storage/analyses/82/shots/0058.jpg
83,49,29,168,0.1726,0.0366,yes,,,,/opt/CAPEv2/storage/analyses/83/shots/0001.jpg,/opt/CAPEv2/storage/analyses/83/shots/0049.jpg
84,31,30,168,0.1786,0.0349,yes,,,,/opt/CAPEv2/storage/analyses/84/shots/0001.jpg,/opt/CAPEv2/storage/analyses/84/shots/0031.jpg
85,66,36,168,0.2143,0.0472,yes,,,,/opt/CAPEv2/storage/analyses/85/shots/0001.jpg,/opt/CAPEv2/storage/analyses/85/shots/0066.jpg
86,36,33,168,0.1964,0.0399,yes,,,,/opt/CAPEv2/storage/analyses/86/shots/0001.jpg,/opt/CAPEv2/storage/analyses/86/shots/0036.jpg
87,48,32,168,0.1905,0.0399,yes,,,,/opt/CAPEv2/storage/analyses/87/shots/0001.jpg,/opt/CAPEv2/storage/analyses/87/shots/0048.jpg
88,69,46,168,0.2738,0.0678,yes,,,,/opt/CAPEv2/storage/analyses/88/shots/0001.jpg,/opt/CAPEv2/storage/analyses/88/shots/0069.jpg
89,63,32,168,0.1905,0.0383,yes,,,,/opt/CAPEv2/storage/analyses/89/shots/0001.jpg,/opt/CAPEv2/storage/analyses/89/shots/0063.jpg
90,27,29,168,0.1726,0.036,yes,,,,/opt/CAPEv2/storage/analyses/90/shots/0001.jpg,/opt/CAPEv2/storage/analyses/90/shots/0027.jpg
91,42,36,168,0.2143,0.0446,yes,,,,/opt/CAPEv2/storage/analyses/91/shots/0001.jpg,/opt/CAPEv2/storage/analyses/91/shots/0042.jpg
92,55,31,168,0.1845,0.0381,yes,,,,/opt/CAPEv2/storage/analyses/92/shots/0001.jpg,/opt/CAPEv2/storage/analyses/92/shots/0055.jpg
93,41,31,168,0.1845,0.0354,yes,,,,/opt/CAPEv2/storage/analyses/93/shots/0001.jpg,/opt/CAPEv2/storage/analyses/93/shots/0041.jpg
94,43,33,168,0.1964,0.0497,yes,,,,/opt/CAPEv2/storage/analyses/94/shots/0001.jpg,/opt/CAPEv2/storage/analyses/94/shots/0043.jpg
95,57,42,168,0.25,0.0553,yes,,,,/opt/CAPEv2/storage/analyses/95/shots/0001.jpg,/opt/CAPEv2/storage/analyses/95/shots/0057.jpg
96,86,36,168,0.2143,0.0605,yes,,,,/opt/CAPEv2/storage/analyses/96/shots/0001.jpg,/opt/CAPEv2/storage/analyses/96/shots/0086.jpg
97,57,31,168,0.1845,0.0382,yes,,,,/opt/CAPEv2/storage/analyses/97/shots/0001.jpg,/opt/CAPEv2/storage/analyses/97/shots/0057.jpg
98,43,29,168,0.1726,0.036,yes,,,,/opt/CAPEv2/storage/analyses/98/shots/0001.jpg,/opt/CAPEv2/storage/analyses/98/shots/0043.jpg
99,4,1,168,0.006,0.0017,no,,,,/opt/CAPEv2/storage/analyses/99/shots/0001.jpg,/opt/CAPEv2/storage/analyses/99/shots/0004.jpg
100,4,27,168,0.1607,0.1065,yes,,,,/opt/CAPEv2/storage/analyses/100/shots/0001.jpg,/opt/CAPEv2/storage/analyses/100/shots/0004.jpg
101,2,28,168,0.1667,0.1064,yes,,,,/opt/CAPEv2/storage/analyses/101/shots/0001.jpg,/opt/CAPEv2/storage/analyses/101/shots/0002.jpg
102,38,37,168,0.2202,0.0483,yes,,,,/opt/CAPEv2/storage/analyses/102/shots/0001.jpg,/opt/CAPEv2/storage/analyses/102/shots/0038.jpg
103,37,35,168,0.2083,0.0461,yes,,,,/opt/CAPEv2/storage/analyses/103/shots/0001.jpg,/opt/CAPEv2/storage/analyses/103/shots/0037.jpg
104,34,30,168,0.1786,0.0377,yes,,,,/opt/CAPEv2/storage/analyses/104/shots/0001.jpg,/opt/CAPEv2/storage/analyses/104/shots/0034.jpg
105,49,135,168,0.8036,0.5391,yes,,,,/opt/CAPEv2/storage/analyses/105/shots/0001.jpg,/opt/CAPEv2/storage/analyses/105/shots/0049.jpg
106,43,41,168,0.244,0.0502,yes,,,,/opt/CAPEv2/storage/analyses/106/shots/0001.jpg,/opt/CAPEv2/storage/analyses/106/shots/0043.jpg
107,27,139,168,0.8274,0.7166,yes,,,,/opt/CAPEv2/storage/analyses/107/shots/0001.jpg,/opt/CAPEv2/storage/analyses/107/shots/0027.jpg
108,91,42,168,0.25,0.0727,yes,,,,/opt/CAPEv2/storage/analyses/108/shots/0001.jpg,/opt/CAPEv2/storage/analyses/108/shots/0091.jpg
109,44,43,168,0.256,0.052,yes,,,,/opt/CAPEv2/storage/analyses/109/shots/0001.jpg,/opt/CAPEv2/storage/analyses/109/shots/0044.jpg
110,43,39,168,0.2321,0.0667,yes,,,,/opt/CAPEv2/storage/analyses/110/shots/0001.jpg,/opt/CAPEv2/storage/analyses/110/shots/0043.jpg
111,31,38,168,0.2262,0.0492,yes,,,,/opt/CAPEv2/storage/analyses/111/shots/0001.jpg,/opt/CAPEv2/storage/analyses/111/shots/0031.jpg
112,60,40,168,0.2381,0.0492,yes,,,,/opt/CAPEv2/storage/analyses/112/shots/0001.jpg,/opt/CAPEv2/storage/analyses/112/shots/0060.jpg
113,41,40,168,0.2381,0.06,yes,,,,/opt/CAPEv2/storage/analyses/113/shots/0001.jpg,/opt/CAPEv2/storage/analyses/113/shots/0041.jpg
114,26,35,168,0.2083,0.0462,yes,,,,/opt/CAPEv2/storage/analyses/114/shots/0001.jpg,/opt/CAPEv2/storage/analyses/114/shots/0026.jpg
115,50,40,168,0.2381,0.058,yes,,,,/opt/CAPEv2/storage/analyses/115/shots/0001.jpg,/opt/CAPEv2/storage/analyses/115/shots/0050.jpg
116,31,30,168,0.1786,0.0391,yes,,,,/opt/CAPEv2/storage/analyses/116/shots/0001.jpg,/opt/CAPEv2/storage/analyses/116/shots/0031.jpg
117,58,37,168,0.2202,0.0486,yes,,,,/opt/CAPEv2/storage/analyses/117/shots/0001.jpg,/opt/CAPEv2/storage/analyses/117/shots/0058.jpg
118,50,37,168,0.2202,0.0505,yes,,,,/opt/CAPEv2/storage/analyses/118/shots/0001.jpg,/opt/CAPEv2/storage/analyses/118/shots/0050.jpg
119,71,45,168,0.2679,0.057,yes,,,,/opt/CAPEv2/storage/analyses/119/shots/0001.jpg,/opt/CAPEv2/storage/analyses/119/shots/0071.jpg
120,43,168,168,1.0,0.9845,yes,,,,/opt/CAPEv2/storage/analyses/120/shots/0001.jpg,/opt/CAPEv2/storage/analyses/120/shots/0043.jpg
121,60,38,168,0.2262,0.0507,yes,,,,/opt/CAPEv2/storage/analyses/121/shots/0001.jpg,/opt/CAPEv2/storage/analyses/121/shots/0060.jpg
122,47,33,168,0.1964,0.0443,yes,,,,/opt/CAPEv2/storage/analyses/122/shots/0001.jpg,/opt/CAPEv2/storage/analyses/122/shots/0047.jpg
123,53,2,168,0.0119,0.0026,no,,,,/opt/CAPEv2/storage/analyses/123/shots/0001.jpg,/opt/CAPEv2/storage/analyses/123/shots/0053.jpg
124,62,39,168,0.2321,0.057,yes,,,,/opt/CAPEv2/storage/analyses/124/shots/0001.jpg,/opt/CAPEv2/storage/analyses/124/shots/0062.jpg
125,46,0,168,0.0,0.0005,no,,,,/opt/CAPEv2/storage/analyses/125/shots/0001.jpg,/opt/CAPEv2/storage/analyses/125/shots/0046.jpg
126,34,9,168,0.0536,0.0121,yes,,,,/opt/CAPEv2/storage/analyses/126/shots/0001.jpg,/opt/CAPEv2/storage/analyses/126/shots/0034.jpg
127,67,10,168,0.0595,0.014,yes,,,,/opt/CAPEv2/storage/analyses/127/shots/0001.jpg,/opt/CAPEv2/storage/analyses/127/shots/0067.jpg
128,41,7,168,0.0417,0.0087,no,,,,/opt/CAPEv2/storage/analyses/128/shots/0001.jpg,/opt/CAPEv2/storage/analyses/128/shots/0041.jpg
129,45,38,168,0.2262,0.0466,yes,,,,/opt/CAPEv2/storage/analyses/129/shots/0001.jpg,/opt/CAPEv2/storage/analyses/129/shots/0045.jpg
130,51,36,168,0.2143,0.0528,yes,,,,/opt/CAPEv2/storage/analyses/130/shots/0001.jpg,/opt/CAPEv2/storage/analyses/130/shots/0051.jpg
131,60,32,168,0.1905,0.0431,yes,,,,/opt/CAPEv2/storage/analyses/131/shots/0001.jpg,/opt/CAPEv2/storage/analyses/131/shots/0060.jpg
132,39,43,168,0.256,0.054,yes,,,,/opt/CAPEv2/storage/analyses/132/shots/0001.jpg,/opt/CAPEv2/storage/analyses/132/shots/0039.jpg
133,40,30,168,0.1786,0.0398,yes,,,,/opt/CAPEv2/storage/analyses/133/shots/0001.jpg,/opt/CAPEv2/storage/analyses/133/shots/0040.jpg
134,34,40,168,0.2381,0.0535,yes,,,,/opt/CAPEv2/storage/analyses/134/shots/0001.jpg,/opt/CAPEv2/storage/analyses/134/shots/0034.jpg
135,6,0,168,0.0,0.0004,no,,,,/opt/CAPEv2/storage/analyses/135/shots/0001.jpg,/opt/CAPEv2/storage/analyses/135/shots/0006.jpg
136,36,30,168,0.1786,0.0405,yes,,,,/opt/CAPEv2/storage/analyses/136/shots/0001.jpg,/opt/CAPEv2/storage/analyses/136/shots/0036.jpg
137,1,,,,,unknown,,,,/opt/CAPEv2/storage/analyses/137/shots/0001.jpg,
138,34,4,168,0.0238,0.0043,no,,,,/opt/CAPEv2/storage/analyses/138/shots/0001.jpg,/opt/CAPEv2/storage/analyses/138/shots/0034.jpg
139,48,46,168,0.2738,0.0677,yes,,,,/opt/CAPEv2/storage/analyses/139/shots/0001.jpg,/opt/CAPEv2/storage/analyses/139/shots/0048.jpg
140,48,34,168,0.2024,0.0438,yes,,,,/opt/CAPEv2/storage/analyses/140/shots/0001.jpg,/opt/CAPEv2/storage/analyses/140/shots/0048.jpg
141,28,3,168,0.0179,0.0042,no,,,,/opt/CAPEv2/storage/analyses/141/shots/0001.jpg,/opt/CAPEv2/storage/analyses/141/shots/0028.jpg
142,39,32,168,0.1905,0.0396,yes,,,,/opt/CAPEv2/storage/analyses/142/shots/0001.jpg,/opt/CAPEv2/storage/analyses/142/shots/0039.jpg
143,41,31,168,0.1845,0.0377,yes,,,,/opt/CAPEv2/storage/analyses/143/shots/0001.jpg,/opt/CAPEv2/storage/analyses/143/shots/0041.jpg
144,43,30,168,0.1786,0.0361,yes,,,,/opt/CAPEv2/storage/analyses/144/shots/0001.jpg,/opt/CAPEv2/storage/analyses/144/shots/0043.jpg
145,52,35,168,0.2083,0.0445,yes,,,,/opt/CAPEv2/storage/analyses/145/shots/0001.jpg,/opt/CAPEv2/storage/analyses/145/shots/0052.jpg
146,60,31,168,0.1845,0.0434,yes,,,,/opt/CAPEv2/storage/analyses/146/shots/0001.jpg,/opt/CAPEv2/storage/analyses/146/shots/0060.jpg
147,9,4,168,0.0238,0.0065,no,,,,/opt/CAPEv2/storage/analyses/147/shots/0001.jpg,/opt/CAPEv2/storage/analyses/147/shots/0009.jpg
148,23,4,168,0.0238,0.0065,no,,,,/opt/CAPEv2/storage/analyses/148/shots/0001.jpg,/opt/CAPEv2/storage/analyses/148/shots/0023.jpg
149,28,51,168,0.3036,0.2183,yes,,,,/opt/CAPEv2/storage/analyses/149/shots/0001.jpg,/opt/CAPEv2/storage/analyses/149/shots/0028.jpg
150,45,48,168,0.2857,0.216,yes,,,,/opt/CAPEv2/storage/analyses/150/shots/0001.jpg,/opt/CAPEv2/storage/analyses/150/shots/0045.jpg
151,3,10,168,0.0595,0.0138,yes,,,,/opt/CAPEv2/storage/analyses/151/shots/0001.jpg,/opt/CAPEv2/storage/analyses/151/shots/0003.jpg
152,52,30,168,0.1786,0.0347,yes,,,,/opt/CAPEv2/storage/analyses/152/shots/0001.jpg,/opt/CAPEv2/storage/analyses/152/shots/0052.jpg
153,0,,,,,unknown,,,,,
154,30,55,168,0.3274,0.2235,yes,,,,/opt/CAPEv2/storage/analyses/154/shots/0001.jpg,/opt/CAPEv2/storage/analyses/154/shots/0030.jpg
155,40,52,168,0.3095,0.221,yes,,,,/opt/CAPEv2/storage/analyses/155/shots/0001.jpg,/opt/CAPEv2/storage/analyses/155/shots/0040.jpg
156,47,6,168,0.0357,0.0072,no,,,,/opt/CAPEv2/storage/analyses/156/shots/0001.jpg,/opt/CAPEv2/storage/analyses/156/shots/0047.jpg
157,59,30,168,0.1786,0.0362,yes,,,,/opt/CAPEv2/storage/analyses/157/shots/0001.jpg,/opt/CAPEv2/storage/analyses/157/shots/0059.jpg
158,39,43,168,0.256,0.0648,yes,,,,/opt/CAPEv2/storage/analyses/158/shots/0001.jpg,/opt/CAPEv2/storage/analyses/158/shots/0039.jpg
201,41,9,168,0.0536,0.0128,yes,,,,/opt/CAPEv2/storage/analyses/201/shots/0001.jpg,/opt/CAPEv2/storage/analyses/201/shots/0041.jpg
202,62,33,168,0.1964,0.0486,yes,,,,/opt/CAPEv2/storage/analyses/202/shots/0001.jpg,/opt/CAPEv2/storage/analyses/202/shots/0062.jpg
203,57,31,168,0.1845,0.0388,yes,,,,/opt/CAPEv2/storage/analyses/203/shots/0001.jpg,/opt/CAPEv2/storage/analyses/203/shots/0057.jpg
204,31,49,168,0.2917,0.2181,yes,,,,/opt/CAPEv2/storage/analyses/204/shots/0001.jpg,/opt/CAPEv2/storage/analyses/204/shots/0031.jpg
205,43,2,168,0.0119,0.0026,no,,,,/opt/CAPEv2/storage/analyses/205/shots/0001.jpg,/opt/CAPEv2/storage/analyses/205/shots/0043.jpg
206,12,47,168,0.2798,0.2152,yes,,,,/opt/CAPEv2/storage/analyses/206/shots/0001.jpg,/opt/CAPEv2/storage/analyses/206/shots/0012.jpg
207,32,35,168,0.2083,0.0481,yes,,,,/opt/CAPEv2/storage/analyses/207/shots/0001.jpg,/opt/CAPEv2/storage/analyses/207/shots/0032.jpg
208,33,47,168,0.2798,0.2152,yes,,,,/opt/CAPEv2/storage/analyses/208/shots/0001.jpg,/opt/CAPEv2/storage/analyses/208/shots/0033.jpg
209,40,18,168,0.1071,0.0238,yes,,,,/opt/CAPEv2/storage/analyses/209/shots/0001.jpg,/opt/CAPEv2/storage/analyses/209/shots/0040.jpg
210,36,38,168,0.2262,0.063,yes,,,,/opt/CAPEv2/storage/analyses/210/shots/0001.jpg,/opt/CAPEv2/storage/analyses/210/shots/0036.jpg
211,29,40,168,0.2381,0.05,yes,,,,/opt/CAPEv2/storage/analyses/211/shots/0001.jpg,/opt/CAPEv2/storage/analyses/211/shots/0029.jpg
212,37,51,168,0.3036,0.2221,yes,,,,/opt/CAPEv2/storage/analyses/212/shots/0001.jpg,/opt/CAPEv2/storage/analyses/212/shots/0037.jpg
213,5,51,168,0.3036,0.2216,yes,,,,/opt/CAPEv2/storage/analyses/213/shots/0001.jpg,/opt/CAPEv2/storage/analyses/213/shots/0005.jpg
214,34,47,168,0.2798,0.2157,yes,,,,/opt/CAPEv2/storage/analyses/214/shots/0001.jpg,/opt/CAPEv2/storage/analyses/214/shots/0034.jpg
215,51,45,168,0.2679,0.0698,yes,,,,/opt/CAPEv2/storage/analyses/215/shots/0001.jpg,/opt/CAPEv2/storage/analyses/215/shots/0051.jpg
216,61,130,168,0.7738,0.5352,yes,,,,/opt/CAPEv2/storage/analyses/216/shots/0001.jpg,/opt/CAPEv2/storage/analyses/216/shots/0061.jpg
217,16,6,168,0.0357,0.0096,no,,,,/opt/CAPEv2/storage/analyses/217/shots/0001.jpg,/opt/CAPEv2/storage/analyses/217/shots/0016.jpg
