task_id,sha256,verdict,reason,malscore,cape_family,total_calls,destructive_events,file_reads,file_writes,file_deletes,file_moves,destroyed_decoy_files,read_only_decoy_files,destructive_victim_events,append_renames,distinct_rename_suffixes,ransom_note_dirs,ransom_note_name,ransom_note_candidates,ransom_note_explicit,corroborating_axes
1344,e04cdba2c9443b7a859fb328cf19fecd73b6a91d0964b405d56a42ee0721c671,TRUE_ENCRYPTION,destroyed 64 decoy files,9.0,Scarab-Dharma,44253,234,143,149,10,75,64,0,125,146,1,9,mzrevengereadme.txt,1,0,3
1045,1c2a51daa50a0489a8734d3577b43bcaf78f32ab34a404d2f6026af5ed33cd5b,TRUE_ENCRYPTION,destroyed 113 decoy files,9.0,Scarab-Dharma,65579,750,1100,163,19,568,113,127,113,177,126,1,ooxlomjxx.readme.txt,1,0,3
1046,ef2e0cc0c05fb633f539b333d88842ebef9a357d790fe1dd3cb28934be350d3f,TRUE_ENCRYPTION,2298 append-renames outside the decoy folders (13 distinct suffixes),10.0,Phobos,54916,5553,2203,964,3146,1443,0,0,0,2298,13,1,readme.md.id[ec4dac17-3440].[mrdrinkins@msgsafe.io].faust,2,0,2
1047,7c1f7301e0564fff94345804c53da597ab4749c31bbff3f1c8d0786fabc4b4b5,FAILED,"did not execute (calls=113, below 500)",1.8,unknown,113,0,2,0,0,0,0,0,0,0,0,0,,0,0,0
1048,011c781cef00e6451e27af18a558c3b12fef80f9f49355add6f02b5f900a3e82,NO_VICTIM_ACTIVITY,ran but never touched decoy files (self-unpack / evasion),0.7,unknown,66930,0,241,0,0,0,0,0,0,0,0,0,,0,0,0
1049,8958d7b8c51215d6a27444b2760f1ce843a414d380052e6e71c2af6e9ab69ce2,TRUE_ENCRYPTION,ransom note 'restore-my-files.txt' in 340 directories,10.0,Lockbit,159529,4135,4663,4084,34,17,0,1,0,0,0,340,restore-my-files.txt,2,1,1
1050,71b46e95fba31267475537a338f49ce1cd0bc56c0f15346b05b673051cbe90a8,TRUE_ENCRYPTION,361 append-renames outside the decoy folders (1 distinct suffix),10.0,Phobos,49523,5651,3913,2014,3536,101,0,0,0,361,1,1,readme.md.id[ec4dac17-3387].[kedrovak@tfwno.gf].fopra,2,0,2
1051,b4d8b085852dda972eb4157cc00d3e25e8fc02e581dfa43f0e052e4f5135767f,FAILED,"did not execute (calls=114, below 500)",1.8,unknown,114,0,2,0,0,0,0,0,0,0,0,0,,0,0,0
1052,5e6c5a9fda2d20125f6f24e37e8a217a39ff0a5cfddc07ddfdb18049d9ea4597,FAILED,"did not execute (calls=2, below 500)",0.8,unknown,2,0,0,0,0,0,0,0,0,0,0,0,,0,0,0
1053,7785a14e0b0a09fe2098bc31dae44ce3b3a70854d682316c1bf19b8637dd4056,TRUE_ENCRYPTION,destroyed 119 decoy files,9.0,Scarab-Dharma,113896,5007,3267,107,25,4875,119,124,119,9153,182,1,restore.xbm.tbvbuemlj,12,1,3
1054,108cfca8867eb4f94082cddacf63fbdd8369b0991873a20afc3210f2d5e4ec61,TRUE_ENCRYPTION,201 append-renames outside the decoy folders (1 distinct suffix),10.0,Phobos,89754,1696,3912,1316,330,50,0,0,0,201,1,1,readme.md.id[ec4dac17-2686].[steven1973douglas@libertymail.n,2,0,2
1055,51ecf0ac3ce65c9eee40bd9c6cc788e38a6777ce809b509963d4869b1a80354d,FAILED,"did not execute (calls=139, below 500)",2.0,unknown,139,0,2,0,0,0,0,0,0,0,0,0,,0,0,0
1056,8b6d63b2b7829c89877231c11bbcb8984abab9a344e918780bea6d0cf4632bc5,NO_VICTIM_ACTIVITY,ran but never touched decoy files (self-unpack / evasion),9.0,unknown,100230,46,1931,43,2,1,0,0,0,2,1,0,,0,0,1
1057,f3e891a2a39dd948cd85e1c8335a83e640d0987dbd48c16001a02f6b7c1733ae,TRUE_ENCRYPTION,ransom note 'restore-my-files.txt' in 333 directories,10.0,Lockbit,193802,3879,4792,3872,6,1,0,7,0,0,0,333,restore-my-files.txt,2,1,1
1058,b5475975e30be3c1ff6c97d148def1287dc3a0341d546198df85dbb66c1b6ffa,WEAK_VICTIM_ACTIVITY,only 2 decoy file(s) destroyed,10.0,Phobos,71500,246,648,243,2,1,2,0,4,0,0,0,,0,0,1
1059,125f727400ec902951c8588d5f6077e199238c2d428144f5bb83d1fc6a22dac2,FAILED,"did not execute (calls=138, below 500)",2.0,unknown,138,0,2,0,0,0,0,0,0,0,0,0,,0,0,0
1060,08ff371dff7eb8283c675a14af2477eede676756cdd4d2252ee7239140445ec9,NO_VICTIM_ACTIVITY,read 4 decoy files but destroyed none,9.0,unknown,60534,89,105,68,19,2,0,4,0,0,0,0,,0,0,0
1061,82f27070eeed223bcc645b1ae47aa9309ef353c1cf5b79141b712ab36e5c55ba,NO_VICTIM_ACTIVITY,ran but never touched decoy files (self-unpack / evasion),0.8,unknown,800,0,1,0,0,0,0,0,0,0,0,0,,0,0,0
1062,7d9c97a133997396b0625a5d2b762fb8b333f5152d4dd893c7a463cc41372ab5,TRUE_ENCRYPTION,370 append-renames outside the decoy folders (3 distinct suffixes),10.0,Phobos,62163,5106,2757,1366,3643,97,0,0,0,370,3,0,,0,0,1
1063,7bb4e30a5272731a9b846b4274aa84662026814b0d610c0c115158be1cd23332,FAILED,"did not execute (calls=138, below 500)",2.0,unknown,138,0,2,0,0,0,0,0,0,0,0,0,,0,0,0
1064,a945fd22e8f7272ce950721138fedb657dcfdd8447620a840c17688e3f9e0561,NO_VICTIM_ACTIVITY,ran but never touched decoy files (self-unpack / evasion),0.3,unknown,14499,6,0,6,0,0,0,0,0,0,0,0,,0,0,0
1065,8d62edc1873f8a8b8415bb56d572786a96bd337eaafcf3dbd7666ba4442553fb,TRUE_ENCRYPTION,ransom note 'restore-my-files.txt' in 366 directories,10.0,Lockbit,170742,4274,4762,4253,19,2,0,1,0,0,0,366,restore-my-files.txt,2,1,1
1066,7c2a9bae3bbdc9e38516754d76a192d6a3ce37849c06a8a8d3b06fb7f75916c1,TRUE_ENCRYPTION,destroyed 8 decoy files,10.0,Phobos,69892,6072,2126,1604,3032,1436,8,0,8,2255,12,0,,0,0,2
1067,2ff3f8766332a55fd714923c8822ef236f772551b32e25c2068eb19c9215ed67,FAILED,"did not execute (calls=139, below 500)",2.0,unknown,139,0,2,0,0,0,0,0,0,0,0,0,,0,0,0
1068,df94511c0c82d8f95689a4a9574081a9f727f027895a4a8fc14acdb4997866bd,NO_VICTIM_ACTIVITY,ran but never touched decoy files (self-unpack / evasion),10.0,CobaltStrikeStager,1404,1,0,1,0,0,0,0,0,0,0,0,,0,0,0
1069,19f7d53c4a9ba784fd4c64a06fc6a88caf5a4d9913341a625582d51b1c095ba0,TRUE_ENCRYPTION,ransom note 'restore-my-files.txt' in 315 directories,10.0,Lockbit,193909,4115,4883,4067,32,16,0,8,0,0,0,315,restore-my-files.txt,2,1,1
1070,b54d6dc708eade0818fcf91e59c7dbe37267abbe43a1672fb5f1c126e021ad7d,TRUE_ENCRYPTION,destroyed 8 decoy files,10.0,Phobos,61677,4955,1649,639,2887,1429,8,0,8,2197,12,0,,0,0,2
1071,74685c3c571f81e1eb2fcbaaca74a9bf792a73b629568ce7571aca5d710f1647,FAILED,"did not execute (calls=140, below 500)",2.0,unknown,140,0,2,0,0,0,0,0,0,0,0,0,,0,0,0
1072,1b8c9e7c150bacd466fbe7f12b39883821f23b67cae0a427a57dc37e5ea4390f,NO_VICTIM_ACTIVITY,ran but never touched decoy files (self-unpack / evasion),8.0,unknown,29076,73,64,62,9,2,0,0,0,0,0,0,,0,0,0
1073,111093146452b46071976d594172bc81d66427651f5f4cc244ddad9b3eae5c7d,TRUE_ENCRYPTION,ransom note 'restore-my-files.txt' in 378 directories,10.0,Lockbit,189491,4198,4823,4175,20,3,0,8,0,0,0,378,restore-my-files.txt,1,1,1
1074,cc43fc18d6d1dc662ad747652cd961152ee13dbf2cea9bf75564f3e2e8ffd2e8,TRUE_ENCRYPTION,1069 append-renames outside the decoy folders (1 distinct suffix),10.0,Phobos,73685,6470,3865,1840,3920,710,0,0,0,1069,1,0,,0,0,1
1075,b8ae41c1122afd180d8dbc011866233945edcb0f19a3f43a1d1033709279cf32,FAILED,"did not execute (calls=139, below 500)",2.0,unknown,139,0,2,0,0,0,0,0,0,0,0,0,,0,0,0
1076,902c65435b6b44cfda1156b0e7c6a30b2785fa4f2cbb9b1944a66f5146ec7aa5,NO_VICTIM_ACTIVITY,ran but never touched decoy files (self-unpack / evasion),8.0,unknown,93453,80,265,69,9,2,0,0,0,0,0,0,,0,0,0
1077,6375e7e4c7cdc3f96afd991c4dfedd5cdfe4b31bf0662dccfa703c117e951f71,FAILED,"did not execute (calls=407, below 500)",5.5,unknown,407,0,0,0,0,0,0,0,0,0,0,0,,0,0,0
1078,34c1121937c35b39b654428cf3fc6b16e3e2eed03c1ccbcfc77183d1749ebadc,TRUE_ENCRYPTION,destroyed 4 decoy files,9.0,unknown,90680,3954,1756,947,1883,1124,4,1,4,1704,14,0,,0,0,2
1079,5d4350bcfecb0746c8aebf6f31052ea95b1901d558e27215bb0197e50f3b9e5c,FAILED,"did not execute (calls=140, below 500)",2.0,unknown,140,0,2,0,0,0,0,0,0,0,0,0,,0,0,0
1080,aca731d34c3e99d07af79847db369409e92e387520e44285608f18877b3a1d79,NO_VICTIM_ACTIVITY,ran but never touched decoy files (self-unpack / evasion),0.6,unknown,1042,1,7,1,0,0,0,0,0,0,0,0,,0,0,0
1081,cea3e8a3e541ae4c928c3cd33f6772f1a69746393ac1a5c4575379a09a92d1e1,TRUE_ENCRYPTION,148 append-renames outside the decoy folders (1 distinct suffix),10.0,Lockbit,71210,304,249,212,16,76,0,0,0,148,1,3,restore-my-files.txt,1,1,2
1082,d50b23e12c661bb78fa3cb317e679fabc4178600048572368bec173a520e4aaf,TRUE_ENCRYPTION,819 append-renames outside the decoy folders (1 distinct suffix),10.0,Phobos,70472,5911,3682,1564,3849,498,0,0,0,819,1,1,readme.txt.id[ec4dac17-2874].[tolong80@protonmail.ch].eking,2,0,2
1083,ae90567ca1a3f4dfc430ae9d6cfa5139385c418b6b70f01c2dd4931dc76ff97b,FAILED,"did not execute (calls=140, below 500)",2.0,unknown,140,0,2,0,0,0,0,0,0,0,0,0,,0,0,0
1084,47a734e624dac47b9043606c8833001dde8f341d71f77129da2eade4e02b3878,NO_VICTIM_ACTIVITY,ran but never touched decoy files (self-unpack / evasion),3.0,unknown,970,0,0,0,0,0,0,0,0,0,0,0,,0,0,0
1085,cc58dcd32a440e7f95d19b653a55c1e2c383efc2bd19443238dd3008c1cbe147,FAILED,"did not execute (calls=32, below 500)",1.3,unknown,32,0,0,0,0,0,0,0,0,0,0,0,,0,0,0
1086,0c0c9a19db1f89d94ddcd8af54fa631798e3ccc82743faae6d9818759f2dbcc1,TRUE_ENCRYPTION,2232 append-renames outside the decoy folders (2 distinct suffixes),10.0,Phobos,80051,6074,3254,1694,3018,1362,2,0,4,2232,2,1,readme.md.id[ec4dac17-3423].[myfile@waifu.club].faust,2,0,3
1087,917788f1d9fd2664f18414faec3244a17c7d7ec29296b14b22cf19be90c95df4,FAILED,"did not execute (calls=138, below 500)",2.0,unknown,138,0,2,0,0,0,0,0,0,0,0,0,,0,0,0
1088,f2a09b611b6fca3e82b8c3098abc35929779685a9e3f851a6acf4040be002f41,NO_VICTIM_ACTIVITY,ran but never touched decoy files (self-unpack / evasion),2.3,unknown,937,1,0,1,0,0,0,0,0,0,0,0,,0,0,0
1089,fef1f9664fde9b23754c691b15a05fdc35a51a0ceb8a18fb9a5a0166e6377c69,TRUE_ENCRYPTION,ransom note 'restore-my-files.txt' in 351 directories,10.0,Lockbit,209207,4240,5005,4216,21,3,0,8,0,0,0,351,restore-my-files.txt,2,1,1
1090,bc3b5ef9b1dc2f1b6a23b138c4c7b047479d98dfbdf216097c08a68c2f771732,TRUE_ENCRYPTION,destroyed 8 decoy files,10.0,Phobos,66312,5640,2486,1257,2970,1413,8,0,8,2234,12,0,,0,0,2
1091,3bc43c7980c782e88a508e0a94767f5776f3bd79a94b4ce5630b3927af27fde1,FAILED,"did not execute (calls=108, below 500)",1.2,unknown,108,0,0,0,0,0,0,0,0,0,0,0,,0,0,0
1092,ed448b9c4e604c7c6531864ac023cdd8865affab409d581db66281179532fc69,NO_VICTIM_ACTIVITY,ran but never touched decoy files (self-unpack / evasion),0.3,unknown,778,0,0,0,0,0,0,0,0,0,0,0,,0,0,0
1093,b9d3d54532bcc21e9b05754ae0a2f81df5434e4dfd1fcbc840e5466ca38d3060,TRUE_ENCRYPTION,ransom note 'restore-my-files.txt' in 300 directories,10.0,Lockbit,230443,3991,4850,3980,9,2,0,8,0,0,0,300,restore-my-files.txt,2,1,1
1094,4ae6519e0d6a7aaf9b684497763257e3a752ef0b31b4ba31afb9aecd1af59d9a,TRUE_ENCRYPTION,450 append-renames outside the decoy folders (1 distinct suffix),10.0,Phobos,72164,5523,3753,1508,3876,139,0,0,0,450,1,0,,0,0,1
1095,3a6e8f5a226edc006e29e38c48eaa721c12e48953abd56dcbc9b241975631247,FAILED,"did not execute (calls=108, below 500)",1.2,unknown,108,0,0,0,0,0,0,0,0,0,0,0,,0,0,0
1096,9ec0d39cafaff2815558dfcfab82344b78b7b7bf67b5c95eb2faf69965843b12,FAILED,"did not execute (calls=341, below 500)",2.0,unknown,341,0,0,0,0,0,0,0,0,0,0,0,,0,0,0
1097,74437ac6c9f630c52c7e230d57d38c4cbc3affb3bec9215f090a0e3dca8e9d78,TRUE_ENCRYPTION,ransom note 'restore-my-files.txt' in 332 directories,10.0,Lockbit,233535,4106,4898,4094,10,2,0,8,0,0,0,332,restore-my-files.txt,2,1,1
1098,f4db61bb14a7af406c9cfc33075c6f74ab711bedf1e1fd6edc4f524bd304c1b6,TRUE_ENCRYPTION,1233 append-renames outside the decoy folders (1 distinct suffix),10.0,Phobos,73182,6646,3759,1966,3827,853,0,0,0,1233,1,1,readme.txt.id[ec4dac17-2994].[d0ntw0rry@cyberfear.com].worry,1,0,2
1099,2fc6d7df9252b1e2c4eb3ad7d0d29c188d87548127c44cebc40db9abe8e5aa35,TRUE_ENCRYPTION,destroyed 99 decoy files,10.0,Conti,97087,7398,3746,3328,1,4069,99,0,254,8147,22,296,readme.txt,4,0,3
1100,c72c3e4322467501ecdd4dd18e879e4ea65dca03d9dc9f7f0282e092af553e0e,FAILED,"did not execute (calls=128, below 500)",2.1999999999999997,unknown,128,0,0,0,0,0,0,0,0,0,0,0,,0,0,0
1101,98900768d564c6962981edde2759889fdda11bb1113c851468e5c40ddafe1d4d,TRUE_ENCRYPTION,ransom note 'restore-my-files.txt' in 313 directories,10.0,Lockbit,215320,4246,5021,4160,58,28,0,1,0,0,0,313,restore-my-files.txt,2,1,1
1102,e165b3e962a2916ed4693993f1911c04b18fcbf7fbdaa824d0e57449da4e4099,TRUE_ENCRYPTION,1064 append-renames outside the decoy folders (1 distinct suffix),10.0,Phobos,71341,6268,3852,1633,3851,784,0,0,0,1064,1,0,,0,0,1
1103,198667b1eda010a431dfb051a101cc73ead1d45ba8d0f6641ec1c14bca4106f3,TRUE_ENCRYPTION,destroyed 87 decoy files,10.0,Conti,99209,7194,3725,3149,1,4044,87,1,219,8094,19,290,readme.txt,2,0,3
1104,272f1a3a51a58047de151bb50fa30c9056ab8a3ebfbc8e74919c3e114a5983d3,FAILED,"did not execute (calls=125, below 500)",2.1999999999999997,unknown,125,0,0,0,0,0,0,0,0,0,0,0,,0,0,0
1105,924ec909e74a1d973d607e3ba1105a17e4337bd9a1c59ed5f9d3b4c25478fe11,TRUE_ENCRYPTION,destroyed 109 decoy files,9.0,Scarab-Dharma,87524,7577,4141,3139,1,4437,109,0,228,8880,23,302,!!!-restore-my-files-!!!.txt,4,1,3
1106,c8d9a9758516d5a8936bd3bc01a9997fb677ed1dc54081caa985883935ff092b,FAILED,"did not execute (calls=212, below 500)",10.0,Phobos,212,0,0,0,0,0,0,0,0,0,0,0,,0,0,0
1107,d3c75c5bc4ae087d547bd722bd84478ee6baf8c3355b930f26cc19777cd39d4c,TRUE_ENCRYPTION,destroyed 91 decoy files,10.0,Conti,97470,7437,3812,3378,1,4058,91,2,235,8126,22,336,readme.txt,4,0,3
1108,f4a39820dbff47fa1b68f83f575bc98ed33858b02341c5c0464a49be4e6c76d3,FAILED,"did not execute (calls=97, below 500)",1.8,unknown,97,0,0,0,0,0,0,0,0,0,0,0,,0,0,0
1109,fb49b940570cfd241dea27ae768ac420e863d9f26c5d64f0d10aea4dd0bf0ce3,NO_VICTIM_ACTIVITY,ran but never touched decoy files (self-unpack / evasion),6.0,unknown,34445,77,27,66,9,2,0,0,0,0,0,0,,0,0,0
1110,231bba5652f6fbdbab3016362fb7925fc4e4489fff5e6a4a98c37fba5bd0cfe9,TRUE_ENCRYPTION,destroyed 8 decoy files,10.0,Phobos,110530,5700,3157,1267,2984,1449,8,0,8,2195,12,0,,0,0,2
1111,26b2401211769d2fa1415228b4b1305eeeed249a996d149ad83b6fc9c4f703ce,TRUE_ENCRYPTION,destroyed 91 decoy files,10.0,Conti,98410,7413,3893,3270,1,4142,91,0,205,8290,20,314,readme.txt,4,0,3
1112,08c11a4d6f275b0a5b57871c8d02097ec77019215ef66fb4e73dc7c29cf6833c,NO_VICTIM_ACTIVITY,ran but never touched decoy files (self-unpack / evasion),8.0,unknown,41272,114,41,113,1,0,0,0,0,0,0,0,,0,0,0
1113,b3ea0f4f442da3106c0d4f97cf20e244b84d719232ca90b3b7fc6e59e37e1ca1,NO_VICTIM_ACTIVITY,ran but never touched decoy files (self-unpack / evasion),7.0,unknown,33226,78,28,67,9,2,0,0,0,0,0,0,,0,0,0
1114,928aca01498ca60e1dd3e263c462f3a04ef49b91d94b566293e8edfbc54fcf13,TRUE_ENCRYPTION,474 append-renames outside the decoy folders (1 distinct suffix),10.0,Phobos,68844,5090,3701,1032,3909,149,0,0,0,474,1,1,readme.txt,1,0,2
1115,707b752f6bd89d4f97d08602d0546a56d27acfe00e6d5df2a2cb67c5e2eeee30,NO_VICTIM_ACTIVITY,ran but never touched decoy files (self-unpack / evasion),10.0,Conti,2725,0,0,0,0,0,0,0,0,0,0,0,,0,0,0
1116,aa78798172e873d88f42bf8bb5853aecfb74a3bf8980540f6be66f800bf1f153,TRUE_ENCRYPTION,destroyed 182 decoy files,9.0,BasilisqueLocker,112584,4204,1922,2520,10,1674,182,5,186,3333,1331,239,how_to_decrypt.txt,1,1,3
1117,2a32c844885b05e65769a051dae825aecef887c2c60035e5a20ae42533cc1695,TRUE_ENCRYPTION,ransom note 'restore-my-files.txt' in 322 directories,10.0,Lockbit,212383,4240,4918,4233,6,1,0,1,0,0,0,322,restore-my-files.txt,2,1,1
1118,9704a4959ec0edb5b82732944be3665e80ed974dec17ab401545ee21069da08d,TRUE_ENCRYPTION,destroyed 8 decoy files,10.0,Phobos,61906,5395,2586,961,3064,1370,8,0,8,2208,2,1,readme.md.id[ec4dac17-3327].[henderson@cock.li].devos,1,0,3
1119,b524ed1cc22253f09d56f54d8ded4566b63352ff739f58de961f8a5bebb0fad9,TRUE_ENCRYPTION,destroyed 104 decoy files,10.0,Conti,102645,7504,4157,3086,9,4409,104,0,204,8823,24,293,readme.txt,2,0,3
1120,a464ae4b0a75d8673cc95ea93c56f0ee11120f71726cc891f9c7e8d4bec53625,FAILED,"did not execute (calls=120, below 500)",2.1999999999999997,unknown,120,0,0,0,0,0,0,0,0,0,0,0,,0,0,0
1121,2ecf1fe02d8fb099b68e4d9bceeeadbe5fc8347f5a76d52f35ed48b516963735,TRUE_ENCRYPTION,ransom note 'restore-my-files.txt' in 336 directories,10.0,Lockbit,189549,3981,4836,3966,13,2,0,8,0,0,0,336,restore-my-files.txt,2,1,1
1122,1e3d1dce864ea7544e10a2758f11fafacd39a0cfc7022e3493d6a25dbaffb6c3,TRUE_ENCRYPTION,destroyed 9 decoy files,10.0,Phobos,146682,5766,2856,1270,3079,1417,9,0,12,2180,13,1,readme.md.id[ec4dac17-3327].[henderson@cock.li].devos,1,0,3
1123,633b9d373da7d2916f4d3b2902d4817c0f3ad5de5466ac85f34bdd37a8d3dd37,TRUE_ENCRYPTION,64 append-renames outside the decoy folders (1 distinct suffix),10.0,Conti,17721,201,35,167,1,33,0,0,0,64,1,1,readme.txt,2,0,2
1124,206de75058a7dfa0b96784965baab63a137f2e89a97e623842e7d0bb3f12c2fc,FAILED,"did not execute (calls=119, below 500)",2.1999999999999997,unknown,119,0,0,0,0,0,0,0,0,0,0,0,,0,0,0
1125,54b45f35926b12f7853e4854ae1d0a233ba1817451450d9b9fdf4e9b1412024f,TRUE_ENCRYPTION,ransom note 'restore-my-files.txt' in 381 directories,10.0,Lockbit,207085,3868,4746,3843,22,3,0,8,0,0,0,381,restore-my-files.txt,1,1,1
1126,62b096449d5dc6f876c43e48d1c27a63de0f75e70279f811b5c6ba18f9126f7b,TRUE_ENCRYPTION,1472 append-renames outside the decoy folders (1 distinct suffix),10.0,Phobos,77584,6223,3630,1300,3926,997,0,0,0,1472,1,0,,0,0,1
1127,0951fde8a8ea9cd45d2be14d63e6e55c8e87af0da45cf3776b495871652aa862,TRUE_ENCRYPTION,destroyed 129 decoy files,10.0,Conti,103806,8776,3128,4349,9,4418,129,3,236,8839,20,1,readme.txt,4,0,3
1128,5b6a9081d7742747a08d04a8f3dff31de71c4811b3b892e4b0f282780e60d741,FAILED,"did not execute (calls=119, below 500)",2.1999999999999997,unknown,119,0,0,0,0,0,0,0,0,0,0,0,,0,0,0
1129,a35c3274a726b27cbcef5abe3f28d8f9675a30883490d37f23b4d730d72eca42,TRUE_ENCRYPTION,destroyed 116 decoy files,9.0,Scarab-Dharma,109169,4924,3634,85,22,4817,116,123,116,201,156,1,cv7snbkd2.readme.txt,1,0,3
1130,84ad231f0d74cd4bed8da0fbfc6801fc77424ee74a560e0d3175aa37b4ecab23,TRUE_ENCRYPTION,destroyed 7 decoy files,10.0,Phobos,73507,5715,2825,1454,2845,1416,7,1,7,2233,12,14,microsoft.ui.xaml.dll.id[ec4dac17-3423].[monahardecryption@a,1200,1,3
1131,e64e350861b86d4e05668bc25e6c952880f6b39ca921496ccce1487dbf6acab6,TRUE_ENCRYPTION,destroyed 130 decoy files,10.0,Conti,109688,8786,3501,4264,1,4521,130,0,233,9048,19,1,readme.txt,3,0,3
1132,545a22b900104571ca0718336c6dfe37574263f1670d55835859b30f9776b028,FAILED,"did not execute (calls=119, below 500)",2.1999999999999997,unknown,119,0,0,0,0,0,0,0,0,0,0,0,,0,0,0
1133,0ec61a80e61f56f460fc42e5d4f0accec2b04c8db98c28ed4534946214076f2a,TRUE_ENCRYPTION,destroyed 69 decoy files,9.0,unknown,201985,226,440,179,8,39,69,3,98,78,1,2,readme.d2ce9c214.txt,1,0,3
1134,f1e3ec3fe9b4347019a298a11db3a2c357e91b61b7152dc28b4ecef57968dbbb,TRUE_ENCRYPTION,destroyed 8 decoy files,10.0,Phobos,61595,5321,2646,1032,2886,1403,8,0,8,2175,13,12,microsoft.ui.xaml.dll.id[ec4dac17-2803].[icanrestore@onionma,1018,1,3
1135,d236d64b7bf9510ea1746d10a4c164a2ef2c724cc62b2bca91d72bdf24821e40,TRUE_ENCRYPTION,destroyed 119 decoy files,10.0,Conti,107538,8114,3642,3574,9,4531,119,3,204,9061,18,1,readme.txt,3,0,3
1136,c931c14c4932cb7155bd9b6d5afc29a244f98a25f989ffd12db2850324606941,FAILED,"did not execute (calls=119, below 500)",2.1999999999999997,unknown,119,0,0,0,0,0,0,0,0,0,0,0,,0,0,0
1137,c3230c24b469fe5d82786444d3c7a7d16d78eb65581c814dbc5329a80b65481f,TRUE_ENCRYPTION,ransom note 'restore-my-files.txt' in 298 directories,10.0,Lockbit,177564,4048,4766,4025,20,3,0,8,0,0,0,298,restore-my-files.txt,1,1,1
1138,3f88affd9a69bad96f8152c87654aed50cc7a49247f154d503cacbdcd53ba825,TRUE_ENCRYPTION,destroyed 8 decoy files,10.0,Phobos,120133,5749,2904,1321,3012,1416,8,0,8,2214,12,1,readme.txt.id[ec4dac17-3435].[samercin@tutanota.de].faust,1,0,3
1139,61dd6a0b2870d62f56c7fe0039d42bf5351588f927267fe7b4ee0761872a3b20,TRUE_ENCRYPTION,destroyed 127 decoy files,10.0,Conti,107093,8727,3735,4212,9,4506,127,2,224,9013,20,1,readme.txt,4,0,3
1140,033a280e25d03046cb22a3d2bb229994861d0b51c7ca70a3b2a750b7dd87a0ad,FAILED,"did not execute (calls=122, below 500)",2.1999999999999997,unknown,122,0,0,0,0,0,0,0,0,0,0,0,,0,0,0
1141,b65b65c3ccf923af7be7db31b3919120e47849cc3e870afdac1bc555fc25b200,TRUE_ENCRYPTION,destroyed 57 decoy files,9.0,Scarab-Dharma,33171,294,215,103,14,177,57,61,57,143,26,1,kw33xqbp8.readme.txt,1,0,3
1142,1ca85c7d735a4bdc8900acd52f4ec46bf0d0f13908907657175bbf92d82e28ce,TRUE_ENCRYPTION,destroyed 8 decoy files,10.0,Phobos,72578,5546,2476,1026,3118,1402,8,1,8,2287,12,0,,0,0,2
1143,1b8081bae0e493d098b8756b1e7c4b19715a78946cf227f2c27f9311e6718420,TRUE_ENCRYPTION,destroyed 136 decoy files,10.0,Conti,111022,8274,4269,3627,1,4646,136,3,269,9294,19,1,readme.txt,4,0,3
1144,4587e7d8e56a7694aa1881443312c1774da551459d3a48315acd0c694bcf87a0,FAILED,"did not execute (calls=123, below 500)",2.1999999999999997,unknown,123,0,0,0,0,0,0,0,0,0,0,0,,0,0,0
1145,f75674d8c1880e8ada184e77033317475e4fa40aa8584aa23cceba9c3cc9b71d,TRUE_ENCRYPTION,ransom note 'restore-my-files.txt' in 345 directories,10.0,Lockbit,228510,4342,4894,4265,45,32,0,8,0,0,0,345,restore-my-files.txt,2,1,1
1146,fe1b479880db7637fc96d334f216e5e966879a77fac1b85d1fd892a050fbe638,TRUE_ENCRYPTION,10 append-renames outside the decoy folders (1 distinct suffix),8.0,unknown,5980,48,98,37,6,5,0,0,0,10,1,0,,0,0,1
1147,2579148e5f020145007ac0dc1be478190137d7915e6fbca2c787b55dbec1d370,TRUE_ENCRYPTION,destroyed 135 decoy files,10.0,Conti,114655,9163,3670,4587,1,4575,135,0,334,9160,24,1,readme.txt,3,0,3
1148,ef29e4b32e6de86c5892e2f6d9e1029a49aef283298c81859e95fdc2c049804e,FAILED,"did not execute (calls=123, below 500)",2.1999999999999997,unknown,123,0,0,0,0,0,0,0,0,0,0,0,,0,0,0
1149,411b8cd39606bbe551627f1868bb4ace1f9fcb5387b6a58b9bb7f31c50109e10,TRUE_ENCRYPTION,ransom note 'restore-my-files.txt' in 223 directories,10.0,Lockbit,136338,3973,2804,3922,36,15,0,7,0,0,0,223,restore-my-files.txt,1,1,1
1150,2dcaca208625860f4eb114af4c4158368284eb99c994793d5ac66d3af654bf5f,TRUE_ENCRYPTION,533 append-renames outside the decoy folders (1 distinct suffix),10.0,Phobos,106077,5573,4100,1476,3908,189,0,0,0,533,1,0,,0,0,1
1151,5d8a701110d58ab7c1aa8bae6bc9d5358b8cd508115891320e6af6c68f3bbd74,TRUE_ENCRYPTION,destroyed 135 decoy files,10.0,Conti,95668,9390,3691,4736,0,4654,135,0,340,9320,23,1,readme.txt,5,0,3
1152,2d6b9e29a2b0c81e5ff46e9913a753128dbc3b944471bf5d89e12cba9c1f536a,FAILED,"did not execute (calls=313, below 500)",10.0,CobaltStrikeStager,313,17,0,17,0,0,0,0,0,0,0,0,,0,0,0
1153,f6fbfa9fe38f69f8806d60072b7e8a9aceacf4a2b27095f7297f529ba986eab4,NO_VICTIM_ACTIVITY,read 7 decoy files but destroyed none,10.0,Lockbit,89615,143,175,92,34,17,0,7,0,0,0,0,,0,0,0
1154,f25a3e2bbaa9bed0210adf5bff0bc5d76fbf44e09ae4bc22e40473814a6ebad1,TRUE_ENCRYPTION,389 append-renames outside the decoy folders (1 distinct suffix),10.0,Phobos,82619,4279,2711,1872,2312,95,0,0,0,389,1,12,license.html.id[ec4dac17-3316].[toprecovery@email.tg].duck,624,1,2
1155,5d4b4d5adb2cd3fefd95b15725a77c4bf48e14e89a23b94733a9ec7b86e09ea2,TRUE_ENCRYPTION,destroyed 129 decoy files,10.0,Conti,84708,8999,3835,4520,0,4479,129,3,323,8970,22,1,readme.txt,5,0,3
1156,36f384938e022f6448676ad2f479b47efde5b02a09834b245f22aee9a15fd371,NO_VICTIM_ACTIVITY,ran but never touched decoy files (self-unpack / evasion),8.0,unknown,6337,33,122,32,0,1,0,0,0,0,0,0,,0,0,0
1157,77e35c838eb486adfc29d8fb8ed1752acbea1258b85354a88057fa6120d62d0d,FAILED,"did not execute (calls=72, below 500)",10.0,Lockbit,72,0,0,0,0,0,0,0,0,0,0,0,,0,0,0
1158,b0e2a8c3c5d57571c7892940ab531925a2b0451964afd3035f1293062ca6d64e,TRUE_ENCRYPTION,471 append-renames outside the decoy folders (1 distinct suffix),10.0,Phobos,70425,5909,3665,1894,3870,145,0,0,0,471,1,0,,0,0,1
1159,e16fea1b8874cc6b26e7e2df9697f03f86efa82247bb3b2922f1d05052dbcbb4,TRUE_ENCRYPTION,246 append-renames outside the decoy folders (1 distinct suffix),10.0,Conti,7374,613,212,490,0,123,0,0,0,246,1,63,conti_readme.txt,1,0,2
1160,5782a7d3cf791a0be9d8e994520618d4299a51ca032ff1a549646713193a1ecf,NO_VICTIM_ACTIVITY,ran but never touched decoy files (self-unpack / evasion),6.0,unknown,4244,31,0,30,0,1,0,0,0,0,0,0,,0,0,0
1161,b240b6861889734eee778d92bc1e2930e10570fe41d84a1a79cc518dc93f4e09,TRUE_ENCRYPTION,ransom note 'restore-my-files.txt' in 318 directories,10.0,Lockbit,211870,4228,4928,4212,14,2,0,8,0,0,0,318,restore-my-files.txt,2,1,1
1162,da24e2d56eb8bf572abc67c2ba3ef64d0bac9fdda0f9a11132b10fac12343aaf,TRUE_ENCRYPTION,405 append-renames outside the decoy folders (1 distinct suffix),10.0,Phobos,74039,5480,3839,1471,3885,124,0,0,0,405,1,1,readme.md.id[ec4dac17-2475].[textmeforhelp@tutanota.com].cal,2,0,2
1163,002dd9b7cbf8ca2a09434f8c4abd85631efe922ab8daa1219d86d83a0228aeda,TRUE_ENCRYPTION,4838 append-renames outside the decoy folders (1 distinct suffix),10.0,Conti,74306,4754,2275,2335,0,2419,0,0,0,4838,1,1,genaihowtovideos.png.conti,7,1,2
1164,2826e7c2c9141c27a2da27007b1045aeef6295b1f1dbdb50c1e45e656e6593fe,NO_VICTIM_ACTIVITY,ran but never touched decoy files (self-unpack / evasion),6.0,unknown,4297,32,0,31,0,1,0,0,0,0,0,0,,0,0,0
1165,3c4fb5a1a8cdc44675df9d61c55a83b6f017a84cb01b06053b8f3953f9794d90,TRUE_ENCRYPTION,destroyed 4 decoy files,9.0,unknown,3253,78,52,21,3,54,4,4,4,16,1,1,k5crrz0ke.readme.txt,1,0,3
1166,81a5ac22ffef8e50131f663708e5f579e1d74c0464994a909cd3426be6887a4a,TRUE_ENCRYPTION,destroyed 8 decoy files,10.0,Phobos,76066,5195,2371,852,2971,1372,8,1,8,2242,13,0,,0,0,2
1167,c14f8bc656284715516f26935afe487a1d584f56ffabbcb98f2974f6ca6cd3a4,NO_VICTIM_ACTIVITY,ran but never touched decoy files (self-unpack / evasion),10.0,Conti,26877,0,0,0,0,0,0,0,0,0,0,0,,0,0,0
1168,9e9fa8b3b0a59762b429853a36674608df1fa7d7f7140c8fccd7c1946070995a,NO_VICTIM_ACTIVITY,ran but never touched decoy files (self-unpack / evasion),0.3,unknown,10276,0,0,0,0,0,0,0,0,0,0,0,,0,0,0
1169,c72dad61e0cdc9a5f49290e9c07190fff2f501f3a08ac34a7a47db27fa5008e6,TRUE_ENCRYPTION,142 append-renames outside the decoy folders (1 distinct suffix),10.0,Lockbit,79049,297,312,208,16,73,0,7,0,142,1,3,restore-my-files.txt,1,1,2
1170,25dce15057f3e9f904ea28e039fe0d2945308d7f41ea5386e99af4840c2e6762,TRUE_ENCRYPTION,382 append-renames outside the decoy folders (1 distinct suffix),10.0,Phobos,63704,5294,2321,1207,3990,97,0,0,0,382,1,0,,0,0,1
1171,98a09f7896a7c20229e696d6e8344fe9593fd70afada5d986e04c0d6933cc4db,TRUE_ENCRYPTION,4874 append-renames outside the decoy folders (1 distinct suffix),10.0,Conti,74135,4769,2211,2332,0,2437,0,0,0,4874,1,2,s_infooutline_18_n.svg.conti,2,0,2
1172,8ffe7f2eeb0cbfbe158b77bbff3e0055d2ef7138f481b4fac8ade6bfb9b2b0a1,NO_VICTIM_ACTIVITY,ran but never touched decoy files (self-unpack / evasion),2.3,unknown,996,1,0,1,0,0,0,0,0,0,0,0,,0,0,0
1173,0ec87a7f943ab72d08aeb957d33dd348ab7cf45052ab7a31bcce33ff7a095837,TRUE_ENCRYPTION,destroyed 113 decoy files,9.0,Scarab-Dharma,42868,739,465,152,21,566,113,129,113,418,128,1,fu28x4mdv.readme.txt,1,0,3
1174,992dad791a523f2c0a0b5a74c08e5573905f301d8891db0ed6e885face9ef0e2,TRUE_ENCRYPTION,destroyed 8 decoy files,10.0,Phobos,70229,5557,2785,1235,2904,1418,8,0,8,2267,11,0,,0,0,2
1175,1ef1ff8b1e81815d13bdd293554ddf8b3e57490dd3ef4add7c2837ddc67f9c24,NO_VICTIM_ACTIVITY,ran but never touched decoy files (self-unpack / evasion),10.0,Conti,27280,0,0,0,0,0,0,0,0,0,0,0,,0,0,0
1176,c83d8b36402639ea3f1ad5d48edc1a22005923aee1c1826afabe27cb3989baa3,NO_VICTIM_ACTIVITY,ran but never touched decoy files (self-unpack / evasion),3.0,unknown,1037,0,0,0,0,0,0,0,0,0,0,0,,0,0,0
1177,f9b9d45339db9164a3861bf61758b7f41e6bcfb5bc93404e296e2918e52ccc10,FAILED,"did not execute (calls=32, below 500)",1.3,unknown,32,0,0,0,0,0,0,0,0,0,0,0,,0,0,0
1178,ed42bb9e3f5959e3d58872874381d92e50c601cd1be46effeb3724ff19eeef71,TRUE_ENCRYPTION,679 append-renames outside the decoy folders (3 distinct suffixes),10.0,Phobos,88965,5040,2390,821,3854,365,0,0,0,679,3,0,,0,0,1
1179,0a30c895bad0069f233ff2fe4c57e3dffaf233e892fb25fdb21cf312d9c8f8b4,FAILED,"did not execute (calls=120, below 500)",2.1999999999999997,unknown,120,0,0,0,0,0,0,0,0,0,0,0,,0,0,0
1180,742489bd828bdcd5caaed00dccdb7a05259986801bfd365492714746cb57eb55,FAILED,"did not execute (calls=32, below 500)",1.3,unknown,32,0,0,0,0,0,0,0,0,0,0,0,,0,0,0
1181,34e1a82f7334c825aab19a21d94361c3225ee8ad9a2027830aeea7d82f59ca15,TRUE_ENCRYPTION,342 append-renames outside the decoy folders (1 distinct suffix),10.0,Phobos,62848,4324,3447,1044,3190,90,0,0,0,342,1,1,readme.md.id[ec4dac17-3379].[uniqueproject@xsmail.com].uniqu,2,0,2
1182,8b8814921dc2b2cb6ea3cfc7295803c72088092418527c09b680332c92c33f1f,FAILED,"did not execute (calls=120, below 500)",2.1999999999999997,unknown,120,0,0,0,0,0,0,0,0,0,0,0,,0,0,0
1183,0d38f8bf831f1dbbe9a058930127171f24c3df8dae81e6aa66c430a63cbe0509,FAILED,"did not execute (calls=32, below 500)",1.3,unknown,32,0,0,0,0,0,0,0,0,0,0,0,,0,0,0
1184,1f2c57feb6fcb80fe02d53778fa7c6b3bcba0319229fe9b9ff725a24d939c2b6,TRUE_ENCRYPTION,456 append-renames outside the decoy folders (1 distinct suffix),10.0,Phobos,52466,5675,3594,1602,3929,144,0,0,0,456,1,1,readme.md.id[ec4dac17-3378].[casecrosu@eml.cc].mmxxii,2,0,2
1185,bd7f4d6a3f224536879cca70b940b16251c56707124d52fb09ad828a889648cd,FAILED,"did not execute (calls=119, below 500)",2.1999999999999997,unknown,119,0,0,0,0,0,0,0,0,0,0,0,,0,0,0
1186,c6cf5fd8f71abaf5645b8423f404183b3dea180b69080f53b9678500bab6f0de,FAILED,"did not execute (calls=0, below 500)",0.8,unknown,0,0,0,0,0,0,0,0,0,0,0,0,,0,0,0
1187,64cc071973e05ae577f32bab349fafb4dba96ba9b8cab272aa5cd9d6074e5a39,TRUE_ENCRYPTION,523 append-renames outside the decoy folders (1 distinct suffix),10.0,Phobos,69854,5634,3432,1517,3925,192,0,0,0,523,1,10,license.html.id[ec4dac17-2689].[ifirsthelperforunlockyourfil,581,1,2
1188,5d6c176341db385db8e279629a038781c08e15e33e052ac4c26ad58457871e4e,NO_VICTIM_ACTIVITY,ran but never touched decoy files (self-unpack / evasion),9.0,unknown,76499,101,459,91,10,0,0,0,0,0,0,0,,0,0,0
1189,391a97a2fe6beb675fe350eb3ca0bc3a995fda43d02a7a6046cd48f042052de5,FAILED,"did not execute (calls=33, below 500)",1.3,unknown,33,0,0,0,0,0,0,0,0,0,0,0,,0,0,0
1190,161c471b0aaaf0d7c1f0267ebb837e10fb8c5edfe09b0d00bf2472820f413713,TRUE_ENCRYPTION,466 append-renames outside the decoy folders (1 distinct suffix),10.0,Phobos,87626,5580,4005,1519,3915,146,0,0,0,466,1,5,license.html.id[ec4dac17-3216].[chinadecrypt@msgsafe.io].eki,553,1,2
1191,81cdc2455998d49d23ba4cc6df45c6ddd0dfea6e582e7703e9ec41cc3e1bbf74,NO_VICTIM_ACTIVITY,ran but never touched decoy files (self-unpack / evasion),2.5,unknown,784,0,0,0,0,0,0,0,0,0,0,0,,0,0,0
1192,80e8defa5377018b093b5b90de0f2957f7062144c83a09a56bba1fe4eda932ce,FAILED,"did not execute (calls=32, below 500)",1.3,unknown,32,0,0,0,0,0,0,0,0,0,0,0,,0,0,0
1193,0b4c743246478a6a8c9fa3ff8e04f297507c2f0ea5d61a1284fe65387d172f81,TRUE_ENCRYPTION,destroyed 8 decoy files,10.0,Phobos,68543,5562,2603,1050,3074,1438,8,0,8,2351,11,1,readme.txt.id[ec4dac17-2822].[bernard.bunyan@aol.com].eight,1,0,3
1194,c7c04bcd56f282bc27f160cc80ccab73485dd3123f2efb35b9726a8528b7950f,FAILED,"did not execute (calls=121, below 500)",2.1999999999999997,unknown,121,0,0,0,0,0,0,0,0,0,0,0,,0,0,0
1195,13849c0c923bfed5ab37224d59e2d12e3e72f97dc7f539136ae09484cbe8e5e0,TRUE_ENCRYPTION,208 append-renames outside the decoy folders (1 distinct suffix),9.0,LockBit,70896,336,331,217,13,106,1,0,9,208,1,6,restore-my-files.txt,2,1,3
1196,3c4ad3e800eb1b6e313b86f527ffed41f34e46221da557d611b55bae2ba46588,TRUE_ENCRYPTION,457 append-renames outside the decoy folders (1 distinct suffix),10.0,Phobos,69432,5279,3798,1312,3814,153,0,0,0,457,1,1,readme.md.id[ec4dac17-3143].[unknownteam@criptext.com].elbow,4,0,2
1197,c4d54c9c913a87aee8f0408fd1bb613b6d89b926327b71b70cd09491bfac7eeb,FAILED,"did not execute (calls=112, below 500)",2.1999999999999997,unknown,112,0,0,0,0,0,0,0,0,0,0,0,,0,0,0
1198,0e66029132a885143b87b1e49e32663a52737bbff4ab96186e9e5e829aa2915f,TRUE_ENCRYPTION,192 append-renames outside the decoy folders (1 distinct suffix),10.0,Lockbit,89213,379,320,266,15,98,0,7,0,192,1,3,restore-my-files.txt,1,1,2
1199,265d1ae339e9397976d9328b2c84aca61a7cb6c0bca9f2f8dc213678e2b2ad86,TRUE_ENCRYPTION,384 append-renames outside the decoy folders (1 distinct suffix),10.0,Phobos,62803,5444,3937,1424,3922,98,0,0,0,384,1,0,,0,0,1
1200,065208b037a2691eb75a14f97bdbd9914122655d42f6249d2cca419a1e4ba6f1,FAILED,"did not execute (calls=117, below 500)",2.1999999999999997,unknown,117,0,0,0,0,0,0,0,0,0,0,0,,0,0,0
1201,567cb1d95c5b0701bc9a5b06842f9a675a592749cebcace5e7d62e626b2354d1,FAILED,"did not execute (calls=116, below 500)",2.1999999999999997,unknown,116,0,0,0,0,0,0,0,0,0,0,0,,0,0,0
1202,15a290552f9cdc38b18e6c0babe7fdd52ff8abfa73ff823220fa994e7f023dc0,FAILED,"did not execute (calls=124, below 500)",2.1999999999999997,unknown,124,0,0,0,0,0,0,0,0,0,0,0,,0,0,0
1203,15a7d528587ffc860f038bb5be5e90b79060fbba5948766d9f8aa46381ccde8a,TRUE_ENCRYPTION,614 append-renames outside the decoy folders (1 distinct suffix),10.0,Lockbit,73123,786,526,471,7,308,0,0,0,614,1,49,restore-my-files.txt,1,1,2
1204,d7d50f809a7808ca53c4430d484bb100aaf9c74c6c12080ff888b8c04212f405,TRUE_ENCRYPTION,332 append-renames outside the decoy folders (1 distinct suffix),10.0,Phobos,30672,2183,823,1589,540,54,0,0,0,332,1,0,,0,0,1
1205,11cc94773e0d1b1d6c4a5c6ffb430a321ff470c83896ed7c6ae8b1d87e1e6443,FAILED,"did not execute (calls=111, below 500)",2.1999999999999997,unknown,111,0,0,0,0,0,0,0,0,0,0,0,,0,0,0
1206,0f5d71496ab540c3395cfc024778a7ac5c6b5418f165cc753ea2b2befbd42d51,TRUE_ENCRYPTION,304 append-renames outside the decoy folders (1 distinct suffix),10.0,Lockbit,80050,474,455,305,15,154,0,7,0,304,1,6,restore-my-files.txt,2,1,2
1207,8710ad8fb2938326655335455987aa17961b2496a345a7ed9f4bbfcb278212bc,TRUE_ENCRYPTION,1008 append-renames outside the decoy folders (1 distinct suffix),10.0,Phobos,88453,5520,2273,1002,3871,647,0,0,0,1008,1,0,,0,0,1
1208,9b68f6082702082205344baf6812469cf2ef20345acb6b6a94022feebb087c43,FAILED,"did not execute (calls=111, below 500)",2.1999999999999997,unknown,111,0,0,0,0,0,0,0,0,0,0,0,,0,0,0
1209,0f178bc093b6b9d25924a85d9a7dde64592215599733e83e3bbc6df219564335,TRUE_ENCRYPTION,ransom note 'restore-my-files.txt' in 7 directories,10.0,Lockbit,76971,419,474,401,16,2,0,7,0,0,0,7,restore-my-files.txt,2,1,1
1210,6a4ebf513f996bd7198c711bef936a989fea148c235817ea56c1e2afafa927f5,FAILED,"did not execute (calls=123, below 500)",2.1999999999999997,unknown,123,0,0,0,0,0,0,0,0,0,0,0,,0,0,0
1211,1b109db549dd0bf64cadafec575b5895690760c7180a4edbf0c5296766162f18,TRUE_ENCRYPTION,ransom note 'restore-my-files.txt' in 4 directories,10.0,Lockbit,78738,345,369,327,16,2,0,7,0,0,0,4,restore-my-files.txt,2,1,1
1212,6b7d70ca7d02133afbc24eeb585f2921bc35c01b23b90a66f515290c49cf0952,TRUE_ENCRYPTION,destroyed 8 decoy files,10.0,Phobos,71144,5460,2524,1196,2859,1405,8,1,8,2174,12,1,readme.md.id[ec4dac17-3188].[icq_polsat].polsat,1,0,3
1213,1841ca56006417e6220a857f66c8e6539502d5e9f539cf337b83a25c15d17a50,FAILED,"did not execute (calls=119, below 500)",2.1999999999999997,unknown,119,0,0,0,0,0,0,0,0,0,0,0,,0,0,0
1214,26b6a9fecfc9d4b4b2c2ff02885b257721687e6b820f72cf2e66c1cae2675739,TRUE_ENCRYPTION,ransom note 'restore-my-files.txt' in 35 directories,10.0,Lockbit,86357,472,537,463,8,1,0,6,0,0,0,35,restore-my-files.txt,2,1,1
1215,1da2ac26e7276121d27947007be6056c33cec55b7a3efcd555b6a91506769d8e,NO_VICTIM_ACTIVITY,ran but never touched decoy files (self-unpack / evasion),5.699999999999999,unknown,108147,73,424,62,9,2,0,0,0,0,0,0,,0,0,0
1216,1e3bf358c76f4030ffc4437d5fcd80c54bd91b361abb43a4fa6340e62d986770,TRUE_ENCRYPTION,ransom note 'restore-my-files.txt' in 3 directories,10.0,Lockbit,69338,291,299,273,16,2,0,2,0,0,0,3,restore-my-files.txt,1,1,1
1217,9bd421c6f7f7d8278036944fcad3e04db408619678acf1b2024ef69d85c3932b,TRUE_ENCRYPTION,destroyed 8 decoy files,10.0,Phobos,66737,5213,1553,940,2876,1397,8,1,8,2212,12,1,readme.txt.id[ec4dac17-2994].[antich154@privatemail.com].elb,1,0,3
1218,efdbfcb717b109b816e2d2f99c0d923803c70dd08fb9feb747eb90774e86116e,FAILED,"did not execute (calls=120, below 500)",2.0,unknown,120,0,0,0,0,0,0,0,0,0,0,0,,0,0,0
1219,256e2bf5f3c819e0add95147b606dc314bbcbac32a801a59584f43a4575e25dc,TRUE_ENCRYPTION,ransom note 'restore-my-files.txt' in 2 directories,10.0,Lockbit,72127,185,264,167,16,2,0,7,0,0,0,2,restore-my-files.txt,1,1,1
1220,dea38651b06aab617e93bdb343fd28587bdc0e113a4fc957571a06988491ade7,TRUE_ENCRYPTION,392 append-renames outside the decoy folders (1 distinct suffix),10.0,Phobos,68329,5668,3590,1631,3925,112,0,0,0,392,1,9,license.html.id[ec4dac17-2275].[helprecover@foxmail.com].hel,586,1,2
1221,1fb6c6be88080f6a91c33616a9aa4c839dbc1062a904eeacd9fd379a22962498,TRUE_ENCRYPTION,22 append-renames outside the decoy folders (7 distinct suffixes),8.0,unknown,48638,93,324,78,4,11,0,0,0,22,7,0,,0,0,1
1222,2b8117925b4b5b39192aaaea130426bda39ebb5f363102641003f2c2cb33b785,TRUE_ENCRYPTION,ransom note 'restore-my-files.txt' in 62 directories,10.0,Lockbit,65801,1179,1112,1158,20,1,0,0,0,0,0,62,restore-my-files.txt,2,1,1
1223,f45b4f4b6420b1a7282b0a91cadfa0e18cf532a3dcf416dea6b5ae004ca1a807,NO_VICTIM_ACTIVITY,ran but never touched decoy files (self-unpack / evasion),7.0,unknown,15983,547,657,275,272,0,0,0,0,0,0,1,readme.md,2,0,1
1224,00260c390ffab5734208a7199df0e4229a76261c3f5b7264c4515acb8eb9c2f8,TRUE_ENCRYPTION,ransom note 'restore-my-files.txt' in 390 directories,10.0,Lockbit,110362,4172,4785,4165,7,0,0,7,0,0,0,390,restore-my-files.txt,2,1,1
1225,c275c00ed3831518a88e99ffae3737126da1dd4ef018028850e9b742263e98d9,NO_VICTIM_ACTIVITY,ran but never touched decoy files (self-unpack / evasion),8.0,unknown,592,3,0,3,0,0,0,0,0,0,0,0,,0,0,0
1226,0d6524b9a1d709ecd9f19f75fa78d94096e039b3d4592d13e8dbddf99867182d,TRUE_ENCRYPTION,ransom note 'restore-my-files.txt' in 362 directories,10.0,Lockbit,217141,4195,4880,4185,8,2,0,1,0,0,0,362,restore-my-files.txt,2,1,1
1227,a77afefb588db0b105f4c7dca156dce1abb413a3e5807f45b9bb61dd55215779,NO_VICTIM_ACTIVITY,ran but never touched decoy files (self-unpack / evasion),9.0,unknown,10322,516,12,500,16,0,0,0,0,0,0,0,,0,0,0
1228,1ef9b4f6b4eb3db7eedf738a78ad15db798d397648b5064990c0a01c0da8a125,TRUE_ENCRYPTION,ransom note 'restore-my-files.txt' in 6 directories,10.0,Lockbit,79320,383,449,365,16,2,0,7,0,0,0,6,restore-my-files.txt,2,1,1
1229,f743f72b0d85b5fbeb07e2cbc3a39d85f73748d5b8dab6244fea8fffd5e41533,NO_VICTIM_ACTIVITY,ran but never touched decoy files (self-unpack / evasion),8.0,unknown,149759,58,524,56,1,1,0,0,0,0,0,0,,0,0,0
1230,5a2a01a909f8ad20484259c2e305c24791ea8fff7adc3f63f927440e2d14928c,NO_VICTIM_ACTIVITY,ran but never touched decoy files (self-unpack / evasion),9.0,unknown,51656,64,215,62,1,1,0,0,0,0,0,0,,0,0,0
1231,17685fa128c7acff236a0587903405b58d8d664b04ebaa49d00e45fc958acc32,FAILED,"did not execute (calls=0, below 500)",10.0,Lockbit,0,0,0,0,0,0,0,0,0,0,0,0,,0,0,0
1232,f0aec57001a184ea82122a59c6e5be48042f75d6f11a40125995ba9531aab718,NO_VICTIM_ACTIVITY,ran but never touched decoy files (self-unpack / evasion),7.0,unknown,9592,20,0,20,0,0,0,0,0,0,0,0,,0,0,0
1233,a261a73cf75f1300ff5eb593c555591cc4b7cc440aa11bd12f3cc2b71952fd83,NO_VICTIM_ACTIVITY,ran but never touched decoy files (self-unpack / evasion),9.0,unknown,96588,1074,1415,1053,21,0,0,0,0,0,0,0,,0,0,0
1234,166aed80bc00d55893d777524235bc89680c8c8192762aff186eee89def0062e,TRUE_ENCRYPTION,ransom note 'restore-my-files.txt' in 3 directories,10.0,Lockbit,73928,299,348,281,16,2,0,6,0,0,0,3,restore-my-files.txt,1,1,1
1235,2eff58738b5a7717a3fcdf7a4171c6fa18492bc200eddc26bf608fa35d28466e,TRUE_ENCRYPTION,589 append-renames outside the decoy folders (1 distinct suffix),10.0,Phobos,57838,5786,3914,1619,3903,264,0,0,0,589,1,0,,0,0,1
1236,8e77118d819681fdc49ce3362d8bfd8f51f8469353396be7113c5a8978a171f6,NO_VICTIM_ACTIVITY,ran but never touched decoy files (self-unpack / evasion),3.0,unknown,1072,0,0,0,0,0,0,0,0,0,0,0,,0,0,0
1237,0b856337d9d3255fc3b07635fdadecbe83e23eb5c205eccab83c21c2fb76edc9,TRUE_ENCRYPTION,ransom note 'restore-my-files.txt' in 4 directories,10.0,Lockbit,75275,339,387,321,16,2,0,7,0,0,0,4,restore-my-files.txt,2,1,1
1238,6e9c9b72d1bdb993184c7aa05d961e706a57b3becf151ca4f883a80a07fdd955,TRUE_ENCRYPTION,destroyed 8 decoy files,10.0,Phobos,51935,4930,1379,829,2689,1412,8,0,8,2234,13,0,,0,0,2
1239,89a9279a31e78ceb036d8be5b2e3c7aeb1021a05cff7bbd5e5025250c911234b,NO_VICTIM_ACTIVITY,ran but never touched decoy files (self-unpack / evasion),0.3,unknown,6605,1,0,1,0,0,0,0,0,0,0,0,,0,0,0
1240,931622391c1324dc7964aa5576b1a7a168382b0dce22399fbeca9aed468138f3,FAILED,"did not execute (calls=0, below 500)",10.0,Lockbit,0,0,0,0,0,0,0,0,0,0,0,0,,0,0,0
1241,9dde984b21a00bc3307c28bd81f229500b795ce4e908b6f8cb5fbd338b22b8e1,TRUE_ENCRYPTION,436 append-renames outside the decoy folders (1 distinct suffix),10.0,Phobos,69423,5493,3347,1537,3816,140,0,0,0,436,1,1,readme.txt.id[ec4dac17-2987].[crioso@protonmail.com].eking,2,0,2
1242,70014630f792eaef394f6efd9d0908b48628e11aae3686be939ad6eabd3f81e3,NO_VICTIM_ACTIVITY,ran but never touched decoy files (self-unpack / evasion),1.3,unknown,38795,1,0,1,0,0,0,0,0,0,0,0,,0,0,0
1243,c7f353c4ca722da712da454317e9d00b77c9b6cf6194b47009dbd67517cf2abc,NO_VICTIM_ACTIVITY,ran but never touched decoy files (self-unpack / evasion),7.0,unknown,3105,0,13,0,0,0,0,0,0,0,0,0,,0,0,0
1244,03bb4d5c0179fdceacc5df7645e6e7fa93e931ac9beb1968c7bbe40ba3499194,TRUE_ENCRYPTION,destroyed 8 decoy files,10.0,Phobos,100901,5954,3091,1467,3060,1427,8,0,8,2315,14,1,readme.md.id[ec4dac17-2589].[backup.iso@aol.com].iso,2,0,3
1245,8abaa521a014cdbda2afe77042f21947b147197d274bf801de2df55b1e01c904,NO_VICTIM_ACTIVITY,ran but never touched decoy files (self-unpack / evasion),10.0,Hive,59043,43,1,41,1,1,0,0,0,0,0,0,,0,0,0
1246,ca57455fd148754bf443a2c8b06dc2a295f014b071e3990dd99916250d21bc75,NO_VICTIM_ACTIVITY,ran but never touched decoy files (self-unpack / evasion),9.0,unknown,13571,0,2,0,0,0,0,0,0,0,0,0,,0,0,0
1247,7949bf3e09366bdb23ca7472cb6c4d9183ad5b081ac5a568d556aec8beae0785,TRUE_ENCRYPTION,798 append-renames outside the decoy folders (1 distinct suffix),10.0,Phobos,65704,5880,3797,1508,3910,462,0,0,0,798,1,8,resources.pri.id[ec4dac17-2275].[helprecover@foxmail.com].he,698,1,2
1248,3cba4c992d174f01a9c3a2d7d785c9f6e9748547fc3e335556a56f132c3dfa5f,TRUE_ENCRYPTION,destroyed 82 decoy files,10.0,Hive,80980,302,58,233,68,1,82,3,171,24,1,56,readme.html,1,0,3
1249,fdc4ac20e22968088ef1dc27dc4b3746fd2b827d45899ed45c8eec3d14a4defe,NO_VICTIM_ACTIVITY,ran but never touched decoy files (self-unpack / evasion),1.3,unknown,2001,0,3,0,0,0,0,0,0,0,0,0,,0,0,0
1250,f9348fb8d78baa055f90288fec94b67d3f3d30eaa5744feeacef871ee3ad8eb8,TRUE_ENCRYPTION,410 append-renames outside the decoy folders (3 distinct suffixes),10.0,Phobos,65920,5347,3706,1339,3869,139,0,0,0,410,3,0,,0,0,1
1251,b40db2ff2f7b61092ec9962bfefe8eca240d3a4238e9e96ebe48e840dcdc5965,TRUE_ENCRYPTION,ransom note 'readme.html' in 4 directories,10.0,Hive,95724,52,0,50,1,1,0,0,0,0,0,4,readme.html,1,0,1
1252,a9cb8fb06970ee8652983bdad227d24f50133853b64e29b76bae98b4063409b3,TRUE_ENCRYPTION,ransom note 'restore-my-files.txt' in 73 directories,10.0,Lockbit,143480,1934,1959,1926,7,1,0,7,0,0,0,73,restore-my-files.txt,2,1,1
1253,c2f351a42ecfd12aa3bc4562a05f2d54fefe977e2464bc2677823f5301d27afd,NO_VICTIM_ACTIVITY,ran but never touched decoy files (self-unpack / evasion),1.3,unknown,30218,130,0,130,0,0,0,0,0,0,0,0,,0,0,0
1254,2b8fe787f921aadf028b8d5f4f09e66133f60d162b69afebdf6bc690b2a6d495,TRUE_ENCRYPTION,ransom note 'restore-my-files.txt' in 321 directories,10.0,Lockbit,231533,3981,4821,3970,9,2,0,2,0,0,0,321,restore-my-files.txt,2,1,1
1255,1509f264e1e97198ec674fe8ee464a6c05e216e5f29553b8e03289a8d7da6de3,NO_VICTIM_ACTIVITY,ran but never touched decoy files (self-unpack / evasion),1.3,unknown,3358,3,0,3,0,0,0,0,0,0,0,0,,0,0,0
1256,7363f13db048624a97528e2a2592e6657e4882028933506b5df9ecc62f869528,TRUE_ENCRYPTION,ransom note 'restore-my-files.txt' in 284 directories,10.0,Lockbit,148855,3929,4652,3919,10,0,0,1,0,0,0,284,restore-my-files.txt,2,1,1
1257,74b45abc573e70827acfea4bba7a4b0e16cac7756e542c9bcaf3b8fb81394579,NO_VICTIM_ACTIVITY,ran but never touched decoy files (self-unpack / evasion),1.3,unknown,38800,2,0,2,0,0,0,0,0,0,0,0,,0,0,0
1258,dec4ca3a0863919f85c2a1a4a7e607e68063a9be1719ccb395353fe4a2d087e5,TRUE_ENCRYPTION,ransom note 'restore-my-files.txt' in 381 directories,10.0,Lockbit,217441,4298,5147,4273,22,3,0,8,0,0,0,381,restore-my-files.txt,2,1,1
1259,201215fdd6ba159d22621f2424f75b25fbe6dac1c85126e174e4ae999ef88111,FAILED,"did not execute (calls=412, below 500)",0.3,unknown,412,1,1,1,0,0,0,0,0,0,0,0,,0,0,0
1260,ac123fae7b38fab3b9dfc3b28af23688d1ad1e66b659ab38e75ca334d7c91bf2,TRUE_ENCRYPTION,ransom note 'restore-my-files.txt' in 313 directories,10.0,Lockbit,200590,4272,4951,4211,43,18,0,1,0,0,0,313,restore-my-files.txt,2,1,1
1261,a500e5ab8ce265d1dc8af1c00ea54a75b57ede933f64cea794f87ef1daf287a1,FAILED,"did not execute (calls=334, below 500)",1.0,unknown,334,0,0,0,0,0,0,0,0,0,0,0,,0,0,0
1262,51634f69ba2c47e171bc6ca7acb570eefe3fafdc2dfa78be46d9f1920cb309bd,TRUE_ENCRYPTION,ransom note 'restore-my-files.txt' in 294 directories,10.0,Lockbit,192111,4116,4796,4074,26,16,0,8,0,0,0,294,restore-my-files.txt,2,1,1
1263,af5e6a5e0d4c63665c642e7c6f82345c77e05c67ea7efb8fc881c46117248765,NO_VICTIM_ACTIVITY,ran but never touched decoy files (self-unpack / evasion),7.0,unknown,44892,3441,2682,1559,1882,0,0,0,0,0,0,1,readme.md,2,0,1
1264,a2ad5cc5045a1645f07da7eab14ba13eb69ab7286204f61ba6a4226bfade7f17,TRUE_ENCRYPTION,ransom note 'restore-my-files.txt' in 309 directories,10.0,Lockbit,207021,4252,5104,4229,20,3,0,8,0,0,0,309,restore-my-files.txt,2,1,1
1265,e56c0b10c1198db5233d0baedb716234d69d4dff2bbee327919a3aacfeb88f54,NO_VICTIM_ACTIVITY,ran but never touched decoy files (self-unpack / evasion),4.699999999999999,unknown,107672,73,425,62,9,2,0,0,0,0,0,0,,0,0,0
1266,2cf51d2d9edcfcd6fe5a8c323149832858f9655742dd5e327ee182960e558ad3,TRUE_ENCRYPTION,ransom note 'restore-my-files.txt' in 264 directories,10.0,Lockbit,110172,4017,2727,4000,15,2,0,7,0,0,0,264,restore-my-files.txt,2,1,1
1267,8c5526650d48864f1584fcf74f9c29a77430eb1ffc58d215cb4d4e33c7b7c1f0,NO_VICTIM_ACTIVITY,ran but never touched decoy files (self-unpack / evasion),7.0,unknown,639,52,0,0,52,0,0,0,0,0,0,0,,0,0,0
1268,5a67b802ccb3ff343066d6f285b8c933dbd9b43da1e7592f512d54d6e517b5ee,TRUE_ENCRYPTION,ransom note 'restore-my-files.txt' in 295 directories,10.0,Lockbit,106399,4003,2715,3986,15,2,0,7,0,0,0,295,restore-my-files.txt,2,1,1
1269,d3074cf95eec9d07e6db415cf1ec236fbe9d7cc8857107bb96e0b86bb52ee298,FAILED,"did not execute (calls=331, below 500)",0.3,unknown,331,41,0,41,0,0,0,0,0,0,0,0,,0,0,0
1270,7878f6f17b90a1695d73de830dfdd8bdc62f365dab88bd42b13226668f913254,TRUE_ENCRYPTION,ransom note 'restore-my-files.txt' in 357 directories,10.0,Lockbit,196630,4234,4918,4213,19,2,0,1,0,0,0,357,restore-my-files.txt,2,1,1
1271,29d2f9308947efac0c804497666e1f03d61bc9321fdb498152a5d481d1e61a35,NO_VICTIM_ACTIVITY,ran but never touched decoy files (self-unpack / evasion),8.0,unknown,39135,23,144,21,2,0,0,0,0,0,0,0,,0,0,0
1272,40c436f4ac5193735d05cfe2375d29449a90269a718fba9d7af179317688e2fb,TRUE_ENCRYPTION,ransom note 'restore-my-files.txt' in 281 directories,10.0,Lockbit,145787,4097,2848,4080,15,2,0,7,0,0,0,281,restore-my-files.txt,2,1,1
1273,e6d6100cc97057cd00751ef5ac18261f7796868a420b4507144e9de0a7e80784,NO_VICTIM_ACTIVITY,ran but never touched decoy files (self-unpack / evasion),1.5,unknown,586,1,0,1,0,0,0,0,0,0,0,0,,0,0,0
1274,8b3d44f099888635fc995a5362159bbec7da1954eaa2fed7ba41650447cf2277,TRUE_ENCRYPTION,ransom note 'restore-my-files.txt' in 251 directories,10.0,Lockbit,103786,4037,2720,4031,6,0,0,7,0,0,0,251,restore-my-files.txt,2,1,1
1275,1c55d4144572be0ee5f5f95d9ce655549a7d0f55c74d576f649a85c323b31a63,NO_VICTIM_ACTIVITY,ran but never touched decoy files (self-unpack / evasion),7.0,unknown,45166,3635,2677,1618,2017,0,0,0,0,0,0,1,readme.md,2,0,1
1276,0dcbc979c995eeec6e76fa87dfc301228d230101b9acecba53289c1c085eadb1,TRUE_ENCRYPTION,ransom note 'restore-my-files.txt' in 460 directories,10.0,Lockbit,192642,4252,4966,4236,14,2,0,8,0,0,0,460,restore-my-files.txt,2,1,1
1277,abc5ad9fe2047299d9c174d100ab06c59cabc1bb05f2e2bf7e07568ee25b018d,FAILED,"did not execute (calls=0, below 500)",1.3,unknown,0,0,0,0,0,0,0,0,0,0,0,0,,0,0,0
1278,4672f4ade47a4717255db6bcd9ae1fb6f4d71e85d059bb08e65df55d416126eb,TRUE_ENCRYPTION,ransom note 'restore-my-files.txt' in 262 directories,10.0,Lockbit,104408,3748,2476,3731,15,2,0,7,0,0,0,262,restore-my-files.txt,2,1,1
1279,eba2f0afd491ee595cd6908494e9e2a2115ed71c053c6d7b94970f1985830ada,NO_VICTIM_ACTIVITY,ran but never touched decoy files (self-unpack / evasion),8.0,unknown,38799,23,160,21,2,0,0,0,0,0,0,0,,0,0,0
1280,e786673320cd80373f1f1bdd717082d5ea074c4464e2b15874d93dc3cfe35ee1,TRUE_ENCRYPTION,ransom note 'restore-my-files.txt' in 468 directories,10.0,Lockbit,219475,3987,4690,3978,7,2,0,1,0,0,0,468,restore-my-files.txt,2,1,1
1281,bb5ec56740f8e99fe4bf5b43e7fd7db75d678a7273dd418060b610e60185cc20,NO_VICTIM_ACTIVITY,ran but never touched decoy files (self-unpack / evasion),9.0,unknown,69914,70,455,61,6,3,0,0,0,0,0,0,,0,0,0
1282,c6902f14bafb0fa5c7b46a3afe0ff71245c0bb26ac07b187ff58fd3fa381dbcb,TRUE_ENCRYPTION,ransom note 'restore-my-files.txt' in 326 directories,10.0,Lockbit,208358,4159,4889,4134,22,3,0,8,0,0,0,326,restore-my-files.txt,2,1,1
1283,dd7a018d9ee987fd7027e438b2636e802d98c2dd7aceaf2ec6db711fb08c6dab,NO_VICTIM_ACTIVITY,ran but never touched decoy files (self-unpack / evasion),10.0,CobaltStrikeStager,47812,417,36,406,9,2,0,0,0,0,0,0,,0,0,0
1284,f978a39f80fe81be9f9f98b00adf88a8b7300bd5d311597d00daa47da3676369,TRUE_ENCRYPTION,ransom note 'restore-my-files.txt' in 260 directories,10.0,Lockbit,78103,3909,2644,3904,5,0,0,0,0,0,0,260,restore-my-files.txt,2,1,1
1285,4fa28556557b228a0cabb6a51597217e09afdf58a140b1181f0bd8325e6e4d0f,NO_VICTIM_ACTIVITY,ran but never touched decoy files (self-unpack / evasion),10.0,RedLine,96203,83,317,80,2,1,0,0,0,0,0,0,,0,0,0
1286,9aa88ce395cd32b972f79afe6855d74e1071b7a79b6acadeefa2d0c2f6a4530c,TRUE_ENCRYPTION,ransom note 'restore-my-files.txt' in 341 directories,10.0,Lockbit,163342,4183,4936,4134,33,16,0,9,0,0,0,341,restore-my-files.txt,2,1,1
1287,d37eff5e61865aa3cae865e60c443db13027a1c2a01d24caa00da99b43042c6c,FAILED,"did not execute (calls=420, below 500)",1.5,unknown,420,0,0,0,0,0,0,0,0,0,0,0,,0,0,0
1288,38d20104c7a2959a06a48a614aaa58b8c87f2118fd51297cb1e37be728b8cdb8,TRUE_ENCRYPTION,ransom note 'restore-my-files.txt' in 337 directories,10.0,Lockbit,175286,4249,4982,4203,31,15,0,8,0,0,0,337,restore-my-files.txt,1,1,1
1289,15d06d1741cc8b5495da9c79c6f630e33060e80c73da9666500f6f0bdf5ff259,NO_VICTIM_ACTIVITY,ran but never touched decoy files (self-unpack / evasion),9.0,unknown,62833,49,386,40,6,3,0,0,0,0,0,0,,0,0,0
1290,9feed0c7fa8c1d32390e1c168051267df61f11b048ec62aa5b8e66f60e8083af,TRUE_ENCRYPTION,ransom note 'restore-my-files.txt' in 343 directories,10.0,Lockbit,185871,4257,4953,4244,12,1,0,8,0,0,0,343,restore-my-files.txt,1,1,1
1291,83a361e88cb033fb4e3067a00dc0e1458dc2dcc68b9e0d01f4ea16b50db9ee11,NO_VICTIM_ACTIVITY,ran but never touched decoy files (self-unpack / evasion),10.0,RedLine,1780,1,11,1,0,0,0,0,0,0,0,0,,0,0,0
1292,f2da3d1410c5058720a4307acf5fec7fc2b54285be9dd89eae108cce368dcde7,TRUE_ENCRYPTION,destroyed 84 decoy files,10.0,LokiLocker,131707,4404,2046,979,14,3411,84,3,217,0,0,709,[unlockpls.dr01@protonmail.com][ec4dac17]ui-strings.js.loki,2057,1,2
1293,b4297174e47d9ed2808524165bb5c09d0cb85e342db72b955edd4d5a0c490f9e,NO_VICTIM_ACTIVITY,ran but never touched decoy files (self-unpack / evasion),4.1,unknown,20741,35,1,35,0,0,0,0,0,0,0,0,,0,0,0
1294,e216372e4328f1cf5cf39a73540b508adc8d777fef90ca77af635c2331deb5cc,TRUE_ENCRYPTION,ransom note 'restore-my-files.txt' in 408 directories,10.0,Lockbit,180999,4158,4904,4136,20,2,0,8,0,0,0,408,restore-my-files.txt,2,1,1
1295,869bff03d70693a10e63fc192311edc3740aa87ebe25adbe45518f4819b347ec,NO_VICTIM_ACTIVITY,ran but never touched decoy files (self-unpack / evasion),3.8,unknown,19901,20,1,20,0,0,0,0,0,0,0,0,,0,0,0
1296,bdc2801e747ee4dd2b50b1ecd3fa3eb53b6c8101ec37eff8d18e485a7f4a7bd0,TRUE_ENCRYPTION,ransom note 'restore-my-files.txt' in 314 directories,10.0,Lockbit,199691,4125,4898,4077,31,17,0,8,0,0,0,314,restore-my-files.txt,2,1,1
1297,50ccb1b00bdd8fc3d8957bdf718c17887ed3cd59dfbeb247193a33041cf6e03b,NO_VICTIM_ACTIVITY,ran but never touched decoy files (self-unpack / evasion),3.8,unknown,20489,19,1,19,0,0,0,0,0,0,0,0,,0,0,0
1298,786a4475e703e5c8d3d5cf05ca7071c579f856a1eb9afb3e4df359e7932b7170,TRUE_ENCRYPTION,ransom note 'restore-my-files.txt' in 287 directories,10.0,Lockbit,160696,4138,3042,4122,14,2,0,7,0,0,0,287,restore-my-files.txt,2,1,1
1299,90bf2554202af77fef1c4dd6fbeec01373ffb3076b74ab2db29a149feaf63fd2,FAILED,"did not execute (calls=0, below 500)",1.3,unknown,0,0,0,0,0,0,0,0,0,0,0,0,,0,0,0
1300,74b4d14d2d1af6642d5867eb89c277aa02f5e4ac667d87b5aca380f40eabe1bf,TRUE_ENCRYPTION,19 append-renames outside the decoy folders (12 distinct suffixes),8.0,unknown,38111,630,288,401,227,2,0,0,0,19,12,1,restore,2,1,2
1301,0e8e6fc94e6eb17cfd8993b3dcfd9acd11ee32f1b4e956df3097ae3259be4f9c,TRUE_ENCRYPTION,18 append-renames outside the decoy folders (9 distinct suffixes),10.0,Hive,38435,53,280,40,4,9,0,0,0,18,9,0,,0,0,1
1302,5b9e6d9275e9523aa3945be891745442a07b936ee5236e23934250ba3844f65f,NO_VICTIM_ACTIVITY,ran but never touched decoy files (self-unpack / evasion),9.0,unknown,47307,425,386,324,99,2,0,0,0,0,0,0,,0,0,0
1303,16baebd1adfc1bae6e35773b383875ac831a011fefed63a0506b875596274b8c,NO_VICTIM_ACTIVITY,ran but never touched decoy files (self-unpack / evasion),3.1,unknown,6957,3,9,3,0,0,0,0,0,0,0,0,,0,0,0
1304,17c6f4e45d44bd4c06212139f521976b87ed5a6ddcd0e4e5e978e64dabb3883f,TRUE_ENCRYPTION,19 append-renames outside the decoy folders (12 distinct suffixes),9.0,unknown,12892,558,263,340,218,0,0,0,0,19,12,1,restore,2,1,2
1305,5683ddca452350937ddd0bf5f02f9bb00c7034c2fc73e8f229d39a2f48aed20f,NO_VICTIM_ACTIVITY,ran but never touched decoy files (self-unpack / evasion),0.3,unknown,1044,33,0,33,0,0,0,0,0,0,0,0,,0,0,0
1306,bc7a8a1a103aba8623b7cb73a8c32d5a3a9a8550d1a0fabbb1a01a48497ad0fb,TRUE_ENCRYPTION,ransom note 'restore-my-files.txt' in 96 directories,10.0,Lockbit,174887,3548,2768,3511,26,11,0,8,0,0,0,96,restore-my-files.txt,2,1,1
1307,45c9ec792bbb263ad7f58e1077dbee321115764abfbf9f26686fada2a17b6c4b,NO_VICTIM_ACTIVITY,ran but never touched decoy files (self-unpack / evasion),4.1000000000000005,unknown,7501,3,9,3,0,0,0,0,0,0,0,0,,0,0,0
1308,3407f26b3d69f1dfce76782fee1256274cf92f744c65aa1ff2d3eaaaf61b0b1d,NO_VICTIM_ACTIVITY,ran but never touched decoy files (self-unpack / evasion),0.5,unknown,966,9,0,9,0,0,0,0,0,0,0,0,,0,0,0
1309,d9cfc3b7544927a2d5d56f0d4767b88b83a91616aa3b0a4a1846fd7881a4e0f9,FAILED,"did not execute (calls=340, below 500)",0.3,unknown,340,1,0,1,0,0,0,0,0,0,0,0,,0,0,0
1310,4db7eeed852946803c16373a085c1bb5f79b60d2122d6fc9a2703714cdd9dac0,NO_VICTIM_ACTIVITY,ran but never touched decoy files (self-unpack / evasion),0.3,unknown,1883,216,0,216,0,0,0,0,0,0,0,0,,0,0,0
1311,d0f8a2be536ca434da7734bd318d2a88ea5005f47d518c30ff611185f42c3701,NO_VICTIM_ACTIVITY,ran but never touched decoy files (self-unpack / evasion),9.0,unknown,106110,119,713,110,6,3,0,0,0,0,0,0,,0,0,0
1312,bd14872dd9fdead89fc074fdc5832caea4ceac02983ec41f814278130b3f943e,NO_VICTIM_ACTIVITY,ran but never touched decoy files (self-unpack / evasion),0.5,unknown,952,6,0,6,0,0,0,0,0,0,0,0,,0,0,0
1313,0d2010a9a6f2c5066afea6b63d881d17684a8f129c1410ff65020f00729bb3bb,NO_VICTIM_ACTIVITY,ran but never touched decoy files (self-unpack / evasion),4.1000000000000005,unknown,7123,2,9,2,0,0,0,0,0,0,0,0,,0,0,0
1314,07a3dcb8d9b062fb480692fa33d12da05c21f544492cbaf9207956ac647ba9ae,NO_VICTIM_ACTIVITY,ran but never touched decoy files (self-unpack / evasion),0.5,unknown,941,6,0,6,0,0,0,0,0,0,0,0,,0,0,0
1315,25d18c3823a3b210a18e69c823ce4c59fab298c315ac2a5d891027921d1c6d7e,TRUE_ENCRYPTION,destroyed 143 decoy files,9.0,Scarab-Dharma,53651,421,277,176,1,244,143,0,269,486,3,33,_readme_.txt,1,0,3
1316,acad2d9b291b5a9662aa1469f96995dc547a45e391af9c7fa24f5921b0128b2c,TRUE_ENCRYPTION,ransom note 'restore-my-files.txt' in 227 directories,10.0,Lockbit,120256,3892,2744,3875,15,2,0,7,0,0,0,227,restore-my-files.txt,2,1,1
1317,4f8830dd18dd4c4414a876206b03d02b244a9b62caeb9f7642bd78affa438130,NO_VICTIM_ACTIVITY,ran but never touched decoy files (self-unpack / evasion),10.0,CobaltStrikeStager,1411,3,0,3,0,0,0,0,0,0,0,0,,0,0,0
1318,0545f842ca2eb77bcac0fd17d6d0a8c607d7dbc8669709f3096e5c1828e1c049,TRUE_ENCRYPTION,ransom note 'restore-my-files.txt' in 352 directories,10.0,Lockbit,198077,4119,4963,4104,13,2,0,8,0,0,0,352,restore-my-files.txt,2,1,1
1319,33aceb3dc0681a56226d4cfce32eee7a431e66f5c746a4d6dc7506a72b317277,NO_VICTIM_ACTIVITY,ran but never touched decoy files (self-unpack / evasion),8.0,unknown,45682,28,234,24,4,0,0,0,0,0,0,0,,0,0,0
1320,dd8fe3966ab4d2d6215c63b3ac7abf4673d9c19f2d9f35a6bf247922c642ec2d,TRUE_ENCRYPTION,ransom note 'restore-my-files.txt' in 315 directories,10.0,Lockbit,107147,3959,4752,3952,7,0,0,7,0,0,0,315,restore-my-files.txt,2,1,1
1321,8c4294e3154675cd926ab6b772dbbe0e7a49cae16f4a37d908e1ca6748251c43,NO_VICTIM_ACTIVITY,ran but never touched decoy files (self-unpack / evasion),9.0,unknown,84960,137,601,120,14,3,0,0,0,0,0,0,,0,0,0
1322,73406e0e7882addf0f810d3bc0e386fd5fd2dd441c895095f4125bb236ae7345,TRUE_ENCRYPTION,ransom note 'restore-my-files.txt' in 441 directories,10.0,Lockbit,101301,3970,4602,3964,6,0,0,0,0,0,0,441,restore-my-files.txt,1,1,1
1323,87967600b0f6026f97093416dcd7ec38f740adaf84757255c179180873b41177,TRUE_ENCRYPTION,16 append-renames outside the decoy folders (4 distinct suffixes),8.0,unknown,37960,45,125,35,2,8,0,0,0,16,4,0,,0,0,1
1324,4bb152c96ba9e25f293bbc03c607918a4452231087053a8cb1a8accb1acc92fd,TRUE_ENCRYPTION,ransom note 'restore-my-files.txt' in 69 directories,10.0,Lockbit,83992,1466,1185,1450,14,2,0,0,0,0,0,69,restore-my-files.txt,2,1,1
1325,b1bfc90de9dcea999dedf285c3d3d7e1901847d84ec297224a0d82720d0ed501,NO_VICTIM_ACTIVITY,ran but never touched decoy files (self-unpack / evasion),10.0,Hive,37542,27,254,23,4,0,0,0,0,0,0,0,,0,0,0
1326,36446a57a54aba2517efca37eedd77c89dfc06e056369eac32397e8679660ff7,TRUE_ENCRYPTION,ransom note 'restore-my-files.txt' in 405 directories,10.0,Lockbit,195610,4061,4995,4047,13,1,0,1,0,0,0,405,restore-my-files.txt,2,1,1
1327,47dbb2594cd5eb7015ef08b7fb803cd5adc1a1fbe4849dc847c0940f1ccace35,NO_VICTIM_ACTIVITY,ran but never touched decoy files (self-unpack / evasion),10.0,Hive,36975,28,275,25,3,0,0,0,0,0,0,0,,0,0,0
1328,54664bedb8b1e8e5a05a60490739080c757a234a71cbee0917f1bdfde3c95b97,TRUE_ENCRYPTION,ransom note 'restore-my-files.txt' in 90 directories,10.0,Lockbit,186388,3263,4024,3254,8,1,0,7,0,0,0,90,restore-my-files.txt,2,1,1
1329,77a398c870ad4904d06d455c9249e7864ac92dda877e288e5718b3c8d9fc6618,TRUE_ENCRYPTION,5828 append-renames outside the decoy folders (2914 distinct suffixes),10.0,Hive,50528,4465,1410,1465,86,2914,0,0,0,5828,2914,424,how_to_decrypt.txt,3,1,2
1330,a0ad4cc0041d5d8de8584b495d98ce46987ed8834d027c01d048da3aa7fb67fe,NO_VICTIM_ACTIVITY,ran but never touched decoy files (self-unpack / evasion),7.0,unknown,28102,15,85,15,0,0,0,0,0,0,0,0,,0,0,0
1331,e1a7ddbf735d5c1cb9097d7614840c00e5c4d5107fa687c0ab2a2ec8948ef84e,FAILED,"did not execute (calls=34, below 500)",10.0,Hive,34,0,0,0,0,0,0,0,0,0,0,0,,0,0,0
1332,d5ea463e0719ee2d1705ff305cdd8529bd2ff23dde79c502c4f478937a91f874,TRUE_ENCRYPTION,ransom note 'restore-my-files.txt' in 12 directories,10.0,Lockbit,83515,231,583,222,8,1,0,7,0,0,0,12,restore-my-files.txt,2,1,1
1333,612e5ffd09ca30ca9488d802594efb5d41c360f7a439df4ae09b14bce45575ec,FAILED,"did not execute (calls=3, below 500)",10.0,Hive,3,0,0,0,0,0,0,0,0,0,0,0,,0,0,0
1334,3b52db44c2cdd8adfacb906362837ed449e96fcf761de4b1f26388b66b6edabe,TRUE_ENCRYPTION,ransom note 'restore-my-files.txt' in 70 directories,10.0,Lockbit,85570,722,763,704,16,2,0,7,0,0,0,70,restore-my-files.txt,2,1,1
1335,50ad0e6e9dc72d10579c20bb436f09eeaa7bfdbcb5747a2590af667823e85609,FAILED,"did not execute (calls=3, below 500)",10.0,Hive,3,0,0,0,0,0,0,0,0,0,0,0,,0,0,0
1336,95739e350d7f2aca2c609768ee72ad67fcf05efca5c7ad8df3027c82b9c454cf,TRUE_ENCRYPTION,ransom note 'restore-my-files.txt' in 72 directories,10.0,Lockbit,147388,2088,2479,2070,16,2,0,7,0,0,0,72,restore-my-files.txt,2,1,1
1337,88f7544a29a2ceb175a135d9fa221cbfd3e8c71f32dd6b09399717f85ea9afd1,TRUE_ENCRYPTION,7650 append-renames outside the decoy folders (3825 distinct suffixes),10.0,Hive,53654,5403,1538,1494,84,3825,0,0,0,7650,3825,306,how_to_decrypt.txt,8,1,2
1338,43ced481e0f68fe57be3246cc5aede353c9d34f4e15d0afe443b5de9514d3ce4,TRUE_ENCRYPTION,ransom note 'restore-my-files.txt' in 95 directories,10.0,Lockbit,175702,3604,1303,3595,8,1,0,1,0,0,0,95,restore-my-files.txt,2,1,1
1339,ed37bb51af01647fde0a5b04a401fd278eba50cf2d5d0678f86227d27aecbc62,TRUE_ENCRYPTION,ransom note 'restore-my-files.txt' in 69 directories,10.0,Lockbit,97454,2173,2470,2155,16,2,0,1,0,0,0,69,restore-my-files.txt,1,1,1
1340,44deff9f627fb57a5150b5ae96961a525958106fc8d13d7edbaf0f074dc3b8c0,TRUE_ENCRYPTION,ransom note 'restore-my-files.txt' in 70 directories,10.0,Lockbit,149210,2496,3062,2478,16,2,0,7,0,0,0,70,restore-my-files.txt,2,1,1
1341,6f298bdb5dbb71a11f826d3501f5bd7ac14f80ba02bffa585dfde1c5ac589082,TRUE_ENCRYPTION,ransom note 'restore-my-files.txt' in 3 directories,10.0,Lockbit,72916,258,231,240,16,2,0,2,0,0,0,3,restore-my-files.txt,1,1,1
1342,c6e5a9f39bfc6dc46c2eb7a786948e9d111ddbec5e157c8081f7c22b7d6b3c78,TRUE_ENCRYPTION,ransom note 'restore-my-files.txt' in 1 directory,10.0,Lockbit,78320,88,187,79,8,1,0,7,0,0,0,1,restore-my-files.txt,1,1,1
1343,0a937d4fe8aa6cb947b95841c490d73e452a3cafcd92645afc353006786aba76,TRUE_ENCRYPTION,ransom note 'restore-my-files.txt' in 3 directories,10.0,Lockbit,61396,299,262,281,16,2,0,0,0,0,0,3,restore-my-files.txt,1,1,1
1344,e04cdba2c9443b7a859fb328cf19fecd73b6a91d0964b405d56a42ee0721c671,TRUE_ENCRYPTION,destroyed 64 decoy files,9.0,Scarab-Dharma,44253,234,143,149,10,75,64,0,125,146,1,9,mzrevengereadme.txt,1,0,3
