file,label,total_imports,imp_crypto,imp_random,imp_file_ops,imp_volume_enum,imp_network_spread,imp_file_unlock,imp_process_enum,imp_shadow_service,imp_anti_analysis,indicative_category_count,static_crypto_libs
agentactivationruntimestarter.exe,benign,48,0,0,0,0,0,0,0,0,1,0,
AgentService.exe,benign,336,0,0,5,0,0,0,2,1,2,1,boost
AggregatorHost.exe,benign,196,0,0,2,0,0,0,0,0,3,0,
aitstatic.exe,benign,200,0,0,3,0,0,0,0,0,2,0,boost
alg.exe,benign,137,0,0,2,0,0,0,0,0,2,0,
AppHostRegistrationVerifier.exe,benign,197,0,0,0,0,0,0,0,0,2,0,
appidcertstorecheck.exe,benign,66,0,0,1,0,0,0,0,0,1,0,
appidpolicyconverter.exe,benign,142,0,0,5,0,0,0,0,3,1,0,
appidtel.exe,benign,59,0,0,0,0,0,0,0,3,1,0,
AppInstallerBackgroundUpdate.exe,benign,91,0,0,0,0,0,0,0,0,2,0,
ApplicationFrameHost.exe,benign,98,0,0,0,0,0,0,0,0,2,0,
ApplySettingsTemplateCatalog.exe,benign,308,0,0,5,0,0,0,1,1,2,1,boost
ApplyTrustOffline.exe,benign,351,0,0,5,0,0,0,2,1,3,1,
ApproveChildRequest.exe,benign,158,0,0,0,0,0,0,0,0,2,0,
AppVClient.exe,benign,310,0,0,1,0,0,0,1,0,2,1,
AppVDllSurrogate.exe,benign,112,0,0,0,0,0,0,0,0,2,0,
AppVNice.exe,benign,110,0,0,0,0,0,0,0,0,2,0,
AppVShNotify.exe,benign,189,0,0,0,0,0,0,1,0,2,1,boost
ARP.EXE,benign,71,0,0,0,0,0,0,0,0,1,0,
AssignedAccessGuard.exe,benign,166,0,0,0,0,0,0,0,0,2,0,
at.exe,benign,83,0,0,1,0,0,0,0,0,1,0,
AtBroker.exe,benign,169,0,0,1,0,0,0,1,3,2,1,
attrib.exe,benign,99,0,0,0,0,0,0,0,0,1,0,
audiodg.exe,benign,296,0,0,1,0,0,0,1,0,3,1,boost
auditpol.exe,benign,112,0,0,0,0,0,0,0,0,1,0,
AuthHost.exe,benign,113,0,0,0,0,0,0,1,0,1,1,
AutoCatHost.exe,benign,140,0,0,0,0,0,0,0,0,2,0,
autochk.exe,benign,173,0,0,2,0,0,0,1,0,0,1,
autofstx.exe,benign,110,0,0,2,0,0,0,0,0,2,0,
AxInstUI.exe,benign,50,0,0,1,0,0,0,0,0,1,0,
backgroundTaskHost.exe,benign,30,0,0,0,0,0,0,0,0,1,0,
BackgroundTransferHost.exe,benign,49,0,0,0,0,0,0,0,0,1,0,
bcdboot.exe,benign,247,0,0,6,3,0,0,2,1,2,2,
bcdedit.exe,benign,243,0,0,4,0,0,0,1,0,2,1,
bdechangepin.exe,benign,269,0,0,0,0,0,0,0,0,2,0,
BdeHdCfg.exe,benign,119,0,0,0,1,0,0,0,0,1,1,
BdeUISrv.exe,benign,153,0,0,0,0,0,0,1,2,1,1,
bdeunlock.exe,benign,186,0,0,1,1,0,0,0,0,2,1,
bfscfg.exe,benign,97,0,0,1,0,0,0,0,0,2,0,
BioIso.exe,benign,164,0,0,0,0,0,0,1,0,2,1,
BitLockerDeviceEncryption.exe,benign,163,0,0,0,1,0,0,1,0,2,2,
BitLockerWizard.exe,benign,44,0,0,0,0,0,0,0,0,1,0,
BitLockerWizardElev.exe,benign,44,0,0,0,0,0,0,0,0,1,0,
bitsadmin.exe,benign,156,0,0,1,0,0,0,0,2,2,0,
bootim.exe,benign,74,0,0,0,0,0,0,0,0,2,0,
bootsect.exe,benign,110,0,0,3,0,0,0,1,0,1,1,
bridgeunattend.exe,benign,61,0,0,0,0,0,0,0,0,1,0,
browser_broker.exe,benign,95,0,0,0,0,0,0,0,0,2,0,
browserexport.exe,benign,225,0,0,3,0,0,0,1,1,2,1,
bthudtask.exe,benign,46,0,0,0,0,0,0,0,0,1,0,
btscan.exe,benign,97,0,0,2,0,0,0,1,0,0,1,
ByteCodeGenerator.exe,benign,166,0,0,2,0,0,0,1,0,2,1,
cacls.exe,benign,96,0,0,1,0,0,0,0,0,1,0,
calc.exe,benign,34,0,0,0,0,0,0,0,0,1,0,
CameraSettingsUIHost.exe,benign,89,0,0,0,0,0,0,0,0,2,0,
CastSrv.exe,benign,81,0,0,1,0,0,0,1,0,2,1,
CertEnrollCtrl.exe,benign,148,0,0,2,0,0,0,0,1,2,0,
certreq.exe,benign,383,5,0,3,0,0,0,1,4,2,2,
certutil.exe,benign,685,13,2,5,0,0,0,2,1,2,2,
change.exe,benign,65,0,0,0,0,0,0,0,0,1,0,
changepk.exe,benign,96,0,0,0,0,0,0,0,0,2,0,
charmap.exe,benign,294,0,0,2,0,0,0,0,0,2,0,
CheckNetIsolation.exe,benign,102,0,0,0,0,0,0,0,0,2,0,
chglogon.exe,benign,77,0,0,1,0,0,0,0,0,1,0,
chgport.exe,benign,83,0,0,1,0,0,0,0,0,1,0,
chgusr.exe,benign,77,0,0,1,0,0,0,0,0,1,0,
chkdsk.exe,benign,107,0,0,0,0,0,0,0,0,1,0,
chkntfs.exe,benign,111,0,0,0,0,0,0,2,0,1,1,
choice.exe,benign,85,0,0,1,0,0,0,0,0,1,0,
CIDiag.exe,benign,76,0,0,3,0,0,0,0,0,1,0,
cipher.exe,benign,151,8,2,3,3,0,0,0,0,1,2,
CiTool.exe,benign,180,0,0,1,0,0,0,0,0,2,0,
cleanmgr.exe,benign,175,0,0,0,1,0,0,1,0,2,2,
cliconfg.exe,benign,49,0,0,0,0,0,0,0,0,1,0,
clip.exe,benign,85,0,0,1,0,0,0,0,0,1,0,
ClipDLS.exe,benign,102,0,0,0,0,0,0,0,0,2,0,
ClipRenew.exe,benign,98,0,0,0,0,0,0,0,0,2,0,
ClipUp.exe,benign,267,8,2,5,0,0,0,1,1,2,2,
CloudExperienceHostBroker.exe,benign,117,0,0,0,0,0,0,0,0,2,0,
CloudNotifications.exe,benign,129,0,0,0,0,0,0,0,0,2,0,
cmd.exe,benign,287,0,0,10,1,0,0,1,1,3,2,
cmdkey.exe,benign,59,0,0,1,0,0,0,0,0,1,0,
cmdl32.exe,benign,145,0,0,3,0,0,0,0,0,1,0,
cmmon32.exe,benign,131,0,0,0,0,0,0,0,0,1,0,
cmstp.exe,benign,129,0,0,3,0,0,0,2,0,1,1,
cofire.exe,benign,75,0,0,0,0,0,0,2,0,1,1,
colorcpl.exe,benign,26,0,0,0,0,0,0,0,0,1,0,
comp.exe,benign,116,0,0,0,0,0,0,0,0,1,0,
compact.exe,benign,113,0,0,3,1,0,0,2,0,1,2,
CompatTelRunner.exe,benign,277,0,0,7,0,0,0,0,1,2,0,
CompMgmtLauncher.exe,benign,70,0,0,2,0,0,0,0,0,1,0,
CompPkgSrv.exe,benign,92,0,0,0,0,0,0,0,0,2,0,
ComputerDefaults.exe,benign,57,0,0,0,0,0,0,0,0,2,0,
conhost.exe,benign,265,0,0,2,0,0,0,1,0,2,1,
consent.exe,benign,282,0,0,1,1,0,0,0,0,2,1,
control.exe,benign,47,0,0,0,0,0,0,0,0,1,0,
convert.exe,benign,90,0,0,0,0,0,0,0,0,1,0,
convertvhd.exe,benign,152,0,0,3,0,0,0,0,0,2,0,
coredpussvr.exe,benign,111,0,0,0,0,0,0,0,0,2,0,
CredentialEnrollmentManager.exe,benign,273,0,0,0,0,0,0,1,0,2,1,
CredentialUIBroker.exe,benign,182,0,0,0,0,0,0,1,0,2,1,
credwiz.exe,benign,128,0,0,4,0,0,0,1,1,1,1,
cscript.exe,benign,201,0,0,3,0,0,0,0,0,2,0,
csrss.exe,benign,17,0,0,0,0,0,0,0,0,1,0,
ctfmon.exe,benign,80,0,0,0,0,0,0,0,0,2,0,
cttune.exe,benign,190,0,0,0,0,0,0,1,0,1,1,
cttunesvr.exe,benign,98,0,0,0,0,0,0,0,0,1,0,
curl.exe,benign,219,5,2,3,0,0,0,1,0,2,2,
CustomInstallExec.exe,benign,134,0,0,0,0,0,0,1,0,3,1,
CustomShellHost.exe,benign,588,0,0,6,0,0,0,1,3,3,1,boost
d3dconfig.exe,benign,168,0,0,4,0,0,0,0,0,2,0,
dasHost.exe,benign,173,0,0,0,0,0,0,2,0,2,1,
DataExchangeHost.exe,benign,301,0,0,0,0,0,0,1,0,3,1,
DataStoreCacheDumpTool.exe,benign,158,0,0,2,0,0,0,1,0,2,1,
dccw.exe,benign,255,0,0,3,0,0,0,0,0,2,0,
dcomcnfg.exe,benign,38,0,0,0,0,0,0,0,0,2,0,
ddodiag.exe,benign,51,0,0,4,0,0,0,0,0,1,0,
Defrag.exe,benign,176,0,0,4,1,0,0,0,1,2,1,
deploymentcsphelper.exe,benign,91,0,0,0,0,0,0,0,0,1,0,
desktopimgdownldr.exe,benign,144,0,0,4,0,0,0,1,1,2,1,
DeviceCensus.exe,benign,155,0,0,2,0,0,0,0,0,2,0,
DeviceCredentialDeployment.exe,benign,131,0,0,0,0,0,0,1,0,2,1,
DeviceEject.exe,benign,45,0,0,0,0,0,0,0,0,1,0,
DeviceEnroller.exe,benign,302,0,0,0,0,0,0,2,0,2,1,
DevicePairingWizard.exe,benign,78,0,0,0,0,0,0,0,0,2,0,
DeviceProperties.exe,benign,36,0,0,0,0,0,0,0,0,1,0,
DFDWiz.exe,benign,112,0,0,1,3,0,0,2,0,1,2,
dfrgui.exe,benign,236,0,0,4,0,0,0,1,1,2,1,
dialer.exe,benign,140,0,0,0,0,0,0,0,0,2,0,
directxdatabaseupdater.exe,benign,268,0,0,2,0,0,0,1,1,2,1,
diskpart.exe,benign,119,0,0,2,0,0,0,0,0,1,0,
diskperf.exe,benign,78,0,0,1,2,0,0,0,0,2,1,
diskraid.exe,benign,81,0,0,1,0,0,0,0,0,1,0,
DiskSnapshot.exe,benign,120,2,0,2,0,0,0,0,0,2,1,
diskusage.exe,benign,111,0,0,4,0,0,0,2,0,1,1,
Dism.exe,benign,206,0,0,4,1,0,0,2,1,2,2,
dispdiag.exe,benign,204,0,0,3,0,0,0,0,3,2,0,
DisplaySwitch.exe,benign,94,0,0,0,0,0,0,0,0,1,0,
djoin.exe,benign,138,0,0,4,0,0,0,1,3,1,1,
dllhost.exe,benign,88,0,0,0,0,0,0,0,0,2,0,
dllhst3g.exe,benign,88,0,0,0,0,0,0,0,0,2,0,
dmcertinst.exe,benign,199,0,0,2,0,0,0,1,0,2,1,
dmcfghost.exe,benign,98,0,0,3,0,0,0,0,1,1,0,
dmclient.exe,benign,149,1,0,4,0,0,0,0,1,2,1,
DmNotificationBroker.exe,benign,90,0,0,0,0,0,0,0,0,1,0,
DmOmaCpMo.exe,benign,103,0,0,1,0,0,0,0,0,2,0,
dnscacheugc.exe,benign,74,0,0,0,0,0,0,0,0,1,0,
doskey.exe,benign,84,0,0,0,0,0,0,0,0,1,0,
dpapimig.exe,benign,104,0,0,0,0,0,0,1,0,1,1,
DpiScaling.exe,benign,34,0,0,0,0,0,0,0,0,1,0,
dpnsvr.exe,benign,25,0,0,0,0,0,0,0,0,2,0,
driverquery.exe,benign,153,0,0,2,0,1,0,0,0,1,1,
drvinst.exe,benign,267,0,0,6,0,0,0,1,1,3,1,
DsmUserTask.exe,benign,85,0,0,0,0,0,0,0,0,2,0,
dsregcmd.exe,benign,361,1,0,0,0,0,0,1,0,2,2,
dstokenclean.exe,benign,42,0,0,0,0,0,0,0,0,1,0,
dtdump.exe,benign,105,0,0,0,0,0,0,0,0,2,0,
dusmtask.exe,benign,92,0,0,0,0,0,0,0,0,2,0,
dvdplay.exe,benign,43,0,0,0,0,0,0,0,0,2,0,
dwm.exe,benign,184,0,0,0,0,0,0,2,0,3,1,
DWWIN.EXE,benign,283,0,0,2,1,0,0,2,3,3,2,
DXCap.exe,benign,326,0,0,4,0,0,0,2,0,3,1,
DXCpl.exe,benign,140,0,0,0,0,0,0,0,0,2,0,
dxdiag.exe,benign,218,0,0,2,0,0,0,0,0,2,0,
dxgiadaptercache.exe,benign,151,0,0,0,0,0,0,0,0,2,0,
Dxpserver.exe,benign,297,0,0,3,0,0,0,0,0,2,0,
Eap3Host.exe,benign,72,0,0,0,0,0,0,0,2,2,0,
EaseOfAccessDialog.exe,benign,327,0,0,1,0,0,0,1,1,2,1,
easinvoker.exe,benign,155,0,0,1,0,0,0,1,0,1,1,
EASPolicyManagerBrokerHost.exe,benign,127,0,0,0,0,0,0,0,0,2,0,
edit.exe,benign,106,0,0,5,0,0,0,0,0,2,0,
EDPCleanup.exe,benign,175,0,0,3,1,0,0,1,0,1,2,
edpnotify.exe,benign,127,0,0,0,0,0,0,0,0,2,0,
EduPrintProv.exe,benign,186,0,0,0,0,0,0,0,0,2,0,
efsui.exe,benign,52,1,0,0,0,0,0,1,0,1,2,
EhStorAuthn.exe,benign,121,0,0,1,0,0,0,0,0,1,0,
EoAExperiences.exe,benign,159,0,0,0,0,0,0,0,0,2,0,
esentutl.exe,benign,247,0,1,7,3,0,0,2,1,2,2,boost
esimtool.exe,benign,84,0,0,0,0,0,0,0,0,2,0,
eudcedit.exe,benign,270,0,0,6,0,0,0,0,1,2,0,
eventcreate.exe,benign,105,0,0,1,0,1,0,1,0,1,2,
eventvwr.exe,benign,57,0,0,1,0,0,0,0,0,1,0,
expand.exe,benign,129,0,0,2,0,0,0,0,0,1,0,
extrac32.exe,benign,99,0,0,1,0,0,0,0,0,2,0,
fc.exe,benign,112,0,0,0,0,0,0,0,0,1,0,
fclip.exe,benign,235,2,0,0,0,0,0,0,0,2,1,
fhmanagew.exe,benign,166,0,0,2,2,0,0,0,0,2,1,
FileDialogBroker.exe,benign,133,0,0,1,0,0,0,1,0,2,1,
FileHistory.exe,benign,107,0,0,0,0,0,0,0,0,1,0,
find.exe,benign,79,0,0,0,0,0,0,0,0,1,0,
findstr.exe,benign,101,0,0,3,0,0,0,0,0,1,0,
finger.exe,benign,65,0,0,0,0,0,0,0,0,1,0,
fixmapi.exe,benign,76,0,0,0,0,0,0,0,0,2,0,
fltMC.exe,benign,81,0,0,1,0,0,0,2,0,2,1,
fodhelper.exe,benign,105,0,0,0,0,0,0,0,0,1,0,
Fondue.exe,benign,83,0,0,0,0,0,0,0,0,2,0,
fontdrvhost.exe,benign,154,0,1,0,0,0,0,0,0,2,0,
fontview.exe,benign,146,0,0,1,0,0,0,0,0,2,0,
forfiles.exe,benign,102,0,0,1,0,0,0,0,0,1,0,
fsavailux.exe,benign,70,0,0,1,0,0,0,2,0,1,1,
FsIso.exe,benign,81,0,0,0,0,0,0,0,0,2,0,
fsquirt.exe,benign,222,0,1,5,0,0,0,0,1,2,0,
fsutil.exe,benign,222,0,0,7,4,0,0,2,1,1,2,
ftp.exe,benign,161,0,0,5,0,0,0,0,0,2,0,
fvenotify.exe,benign,144,0,0,1,0,0,0,2,0,2,1,
fveprompt.exe,benign,84,0,0,0,1,0,0,0,0,1,1,
FXSCOVER.exe,benign,251,0,0,0,0,0,0,0,0,2,0,
FXSSVC.exe,benign,390,0,0,7,0,0,0,2,4,2,1,
FXSUNATD.exe,benign,99,0,0,0,0,0,0,0,0,2,0,
GameBarPresenceWriter.exe,benign,177,0,0,0,0,0,0,0,0,1,0,
GameInputSvc.exe,benign,90,0,0,5,0,0,0,2,1,0,1,
GamePanel.exe,benign,361,2,0,3,0,0,0,1,1,1,2,
gawk.exe,benign,98,0,0,0,0,0,0,0,0,1,0,
GenValObj.exe,benign,186,3,1,5,0,0,0,0,3,2,1,
getmac.exe,benign,176,0,0,1,0,1,0,0,0,2,1,
gpresult.exe,benign,201,0,0,1,0,1,0,0,0,2,1,
gpscript.exe,benign,133,0,0,2,0,0,0,1,0,2,1,
gpupdate.exe,benign,121,0,0,0,0,0,0,2,0,2,1,
grep.exe,benign,73,0,0,0,0,0,0,0,0,1,0,
grpconv.exe,benign,74,0,0,0,0,0,0,0,0,1,0,
hdwwiz.exe,benign,30,0,0,0,0,0,0,0,0,1,0,
help.exe,benign,46,0,0,1,0,0,0,0,0,1,0,
HOSTNAME.EXE,benign,52,0,0,0,0,0,0,0,0,1,0,
hvax64.exe,benign,1,0,0,0,0,0,0,0,0,0,0,
hvix64.exe,benign,1,0,0,0,0,0,0,0,0,0,0,
hvsievaluator.exe,benign,144,0,0,0,0,0,0,0,0,2,0,
icacls.exe,benign,103,0,0,2,0,0,0,2,0,1,1,
icsunattend.exe,benign,45,0,0,0,0,0,0,0,0,1,0,
ie4uinit.exe,benign,336,7,2,6,0,0,0,1,1,2,2,
ie4ushowIE.exe,benign,220,6,1,6,0,0,0,1,1,2,2,
IESettingSync.exe,benign,278,0,0,4,1,0,0,4,1,2,2,boost
ieUnatt.exe,benign,103,0,0,0,0,0,0,0,0,2,0,
iexpress.exe,benign,160,0,0,3,0,0,0,0,0,1,0,
immersivetpmvscmgrsvr.exe,benign,176,3,0,0,0,0,0,0,0,2,1,
InfDefaultInstall.exe,benign,88,0,0,0,0,0,0,0,0,2,0,
InputSwitchToastHandler.exe,benign,127,0,0,0,0,0,0,0,0,2,0,
iotstartup.exe,benign,134,0,0,0,0,0,0,0,0,2,0,
ipconfig.exe,benign,111,0,0,0,0,0,0,0,0,1,0,
iscsicli.exe,benign,105,0,0,2,1,0,0,0,0,1,1,
iscsicpl.exe,benign,49,0,0,0,0,0,0,0,0,1,0,
ISM.exe,benign,77,0,0,0,0,0,0,0,0,2,0,
isoburn.exe,benign,136,0,0,0,1,0,0,0,0,2,1,
klist.exe,benign,97,0,0,1,0,0,0,1,0,1,1,
ksetup.exe,benign,103,0,0,1,0,0,0,0,0,1,0,
ktmutil.exe,benign,70,0,0,1,0,0,0,0,0,1,0,
la57setup.exe,benign,62,0,0,1,0,0,0,0,0,2,0,
label.exe,benign,81,0,0,0,0,0,0,0,0,1,0,
LanguageComponentsInstallerComHandler.exe,benign,100,0,0,0,0,0,0,0,0,2,0,
LaunchTM.exe,benign,37,0,0,0,0,0,0,0,0,1,0,
LaunchWinApp.exe,benign,109,0,0,0,0,0,0,0,0,3,0,
LegacyNetUXHost.exe,benign,153,0,0,1,0,0,0,0,0,2,0,
LicenseManagerShellext.exe,benign,97,0,0,1,0,0,0,0,0,2,0,
licensingdiag.exe,benign,155,0,0,5,0,0,0,0,1,2,0,
LicensingUI.exe,benign,101,0,0,0,0,0,0,0,0,1,0,
LiveCaptions.exe,benign,112,0,0,0,0,0,0,0,0,2,0,
Locator.exe,benign,29,0,0,0,0,0,0,0,0,1,0,
LockAppHost.exe,benign,122,0,0,0,0,0,0,0,0,2,0,
LockScreenContentServer.exe,benign,192,0,0,0,0,0,0,0,0,1,0,
lodctr.exe,benign,96,0,0,2,0,0,0,0,0,2,0,
logagent.exe,benign,218,0,0,1,0,0,0,1,0,2,1,
logman.exe,benign,154,0,0,5,0,0,0,1,0,1,1,
logoff.exe,benign,80,0,0,1,0,0,0,0,0,1,0,
LogonUI.exe,benign,90,0,0,0,0,0,0,0,0,2,0,
lpkinstall.exe,benign,74,0,0,0,0,0,0,0,0,1,0,
lpksetup.exe,benign,344,0,0,4,0,0,0,2,1,2,1,
lpremove.exe,benign,114,0,0,0,0,0,0,0,0,2,0,
LsaIso.exe,benign,293,8,2,0,0,0,0,0,0,2,1,
lsass.exe,benign,110,0,0,0,0,0,0,1,0,1,1,
Magnify.exe,benign,527,0,0,1,0,0,0,1,1,2,1,
makecab.exe,benign,96,0,0,2,0,0,0,0,0,1,0,
manage-bde.exe,benign,144,0,0,2,0,0,0,0,0,2,0,
mavinject.exe,benign,165,0,0,0,0,0,0,0,0,3,0,boost
mblctr.exe,benign,351,0,0,0,0,0,0,0,0,2,0,
MBR2GPT.EXE,benign,237,0,0,6,5,0,0,2,1,3,2,
mcbuilder.exe,benign,94,0,0,5,0,0,0,2,0,2,1,
MDEServer.exe,benign,181,0,0,1,0,0,0,0,0,2,0,
MDMAgent.exe,benign,163,0,0,0,0,0,0,0,0,2,0,
MDMAppInstaller.exe,benign,174,2,0,3,0,0,0,1,3,2,2,
MdmDiagnosticsTool.exe,benign,120,0,0,3,0,0,0,0,1,2,0,
MdRes.exe,benign,62,0,0,0,0,0,0,0,0,1,0,
MdSched.exe,benign,100,0,0,0,0,0,0,2,0,2,1,
mfpmp.exe,benign,101,0,0,0,0,0,0,0,0,2,0,
Microsoft.Data.UsageAndQualityInsights.MaintenanceTask.exe,benign,103,0,0,0,0,0,0,0,0,2,0,
Microsoft.Uev.CscUnpinTool.exe,benign,207,0,0,0,0,0,0,0,0,2,0,boost
Microsoft.Uev.SyncController.exe,benign,1,0,0,0,0,0,0,0,0,0,0,
MicrosoftEdgeBCHost.exe,benign,110,0,0,0,0,0,0,0,0,2,0,
MicrosoftEdgeCP.exe,benign,110,0,0,0,0,0,0,0,0,2,0,
MicrosoftEdgeDevTools.exe,benign,110,0,0,0,0,0,0,0,0,2,0,
MicrosoftEdgeSH.exe,benign,104,0,0,0,0,0,0,0,0,2,0,
MidiSrv.exe,benign,238,0,0,1,0,0,0,0,3,2,0,
MLEngineStub.exe,benign,106,0,0,1,0,0,0,0,0,2,0,
mmc.exe,benign,500,0,0,5,0,0,0,3,1,2,1,
mmgaserver.exe,benign,133,0,0,0,0,0,0,0,0,2,0,
mobsync.exe,benign,82,0,0,0,0,0,0,0,0,2,0,
MoNotificationUxStub.exe,benign,106,0,0,1,0,0,0,0,0,2,0,
mountvol.exe,benign,60,0,0,2,4,0,0,0,0,1,1,
mpnotify.exe,benign,72,0,0,0,0,0,0,0,0,1,0,
MpSigStub.exe,benign,184,0,0,8,0,0,0,5,3,2,1,
MptfGenericService.exe,benign,159,0,0,0,0,0,0,0,0,2,0,
MRINFO.EXE,benign,65,0,0,0,0,0,0,0,0,1,0,
MRT.exe,benign,281,0,0,8,1,0,0,5,3,2,2,boost;cryptopp;mbedtls;openssl
MSchedExe.exe,benign,27,0,0,0,0,0,0,0,0,1,0,
msconfig.exe,benign,239,0,0,1,0,0,0,2,3,2,1,
msdt.exe,benign,508,0,0,7,0,0,0,1,1,2,1,
msdtc.exe,benign,126,0,0,3,0,0,0,1,1,2,1,
msfeedssync.exe,benign,39,0,0,0,0,0,0,0,0,1,0,
msg.exe,benign,90,0,0,3,0,0,0,0,0,1,0,
mshta.exe,benign,38,0,0,0,0,0,0,0,0,1,0,
msiexec.exe,benign,127,0,0,1,0,0,0,2,0,1,1,
msinfo32.exe,benign,286,0,0,4,0,0,0,0,1,2,0,
msra.exe,benign,420,10,1,5,0,0,0,1,3,2,2,
MsSpellCheckingHost.exe,benign,128,0,0,0,0,0,0,1,0,1,1,
mstsc.exe,benign,397,0,0,5,0,0,0,0,1,2,0,
mtstocom.exe,benign,175,0,0,6,0,0,0,1,1,2,1,
MuiUnattend.exe,benign,127,0,0,2,0,0,0,2,0,2,1,
MultiDigiMon.exe,benign,109,0,0,0,0,0,0,0,0,1,0,
Narrator.exe,benign,753,0,0,1,0,0,0,1,1,2,1,
nbtstat.exe,benign,70,0,0,0,0,0,0,0,0,1,0,
ndadmin.exe,benign,68,0,0,0,0,0,0,0,0,1,0,
NDKPerfCmd.exe,benign,72,0,0,1,0,0,0,0,3,2,0,
NDKPing.exe,benign,71,0,0,1,0,0,0,0,3,2,0,
net.exe,benign,132,0,0,1,1,4,0,1,0,1,3,
net1.exe,benign,213,2,2,1,1,0,0,1,2,1,3,
netbtugc.exe,benign,75,0,0,0,0,0,0,0,0,1,0,
netcfg.exe,benign,121,0,0,0,0,0,0,0,0,2,0,
NetCfgNotifyObjectHost.exe,benign,107,0,0,0,0,0,0,0,0,2,0,
NetEvtFwdr.exe,benign,104,0,0,0,0,0,0,0,0,1,0,
NetHost.exe,benign,23,0,0,0,0,0,0,0,0,1,0,
netiougc.exe,benign,101,0,0,0,0,0,0,0,1,2,0,
Netplwiz.exe,benign,73,0,0,0,0,0,0,0,0,2,0,
netsh.exe,benign,114,0,0,2,0,0,0,0,0,1,0,
NETSTAT.EXE,benign,115,0,0,0,0,0,0,2,0,1,1,
newdev.exe,benign,76,0,0,0,0,0,0,0,0,1,0,
NgcIso.exe,benign,151,0,0,0,0,0,0,1,0,2,1,
nltest.exe,benign,170,3,1,3,0,0,0,0,0,1,1,
notepad.exe,benign,310,0,0,4,0,0,0,1,1,2,1,
nslookup.exe,benign,111,0,0,0,0,0,0,0,0,1,0,
ntoskrnl.exe,benign,211,1,0,0,0,0,0,0,0,0,1,boost
ntprint.exe,benign,54,0,0,0,0,0,0,0,0,2,0,
odbcad32.exe,benign,59,0,0,0,0,0,0,0,0,1,0,
odbcconf.exe,benign,64,0,0,0,0,0,0,0,0,1,0,
ofdeploy.exe,benign,113,0,0,2,0,0,0,0,0,2,0,
omadmclient.exe,benign,332,5,1,4,0,0,0,0,1,2,1,
omadmprc.exe,benign,157,0,0,0,0,0,0,0,0,2,0,
OneDriveSetup.exe,benign,601,9,2,11,3,0,4,5,4,2,4,openssl
OOBEFodSetup.exe,benign,63,0,0,0,0,0,0,0,0,2,0,
OobeShellHost.exe,benign,101,0,0,0,0,0,0,0,0,2,0,
openfiles.exe,benign,146,0,0,1,1,1,0,2,0,1,3,
OpenWith.exe,benign,137,0,0,0,0,0,0,0,0,2,0,
OptionalFeatures.exe,benign,83,0,0,0,0,0,0,0,0,2,0,
osk.exe,benign,401,0,0,1,0,0,0,1,1,2,1,
pacjsworker.exe,benign,42,0,0,0,0,0,0,0,0,2,0,
PackagedCWALauncher.exe,benign,76,0,0,0,0,0,0,0,0,2,0,
PackageInspector.exe,benign,109,0,0,4,0,0,0,0,1,1,0,
pairtool.exe,benign,149,0,0,0,0,0,0,1,0,2,1,
PasswordOnWakeSettingFlyout.exe,benign,117,0,0,0,0,0,0,0,0,2,0,
PATHPING.EXE,benign,67,0,0,0,0,0,0,0,0,1,0,
pcalua.exe,benign,161,0,0,2,0,0,0,0,0,2,0,
pcaui.exe,benign,256,2,0,2,0,0,0,1,0,2,2,
pcwrun.exe,benign,63,0,0,3,0,0,0,0,0,1,0,
perfmon.exe,benign,180,0,0,4,0,0,0,1,0,1,1,
phoneactivate.exe,benign,185,0,0,0,0,0,0,0,0,2,0,
PickerHost.exe,benign,136,0,0,0,0,0,0,0,0,2,0,
PinEnrollmentBroker.exe,benign,156,0,0,0,0,0,0,1,0,2,1,
PING.EXE,benign,70,0,0,0,0,0,0,0,0,1,0,
PkgMgr.exe,benign,176,0,0,5,0,0,0,2,1,2,1,
PktMon.exe,benign,413,0,0,8,3,0,0,0,4,2,1,
plasrv.exe,benign,36,0,0,0,0,0,0,0,0,1,0,
PnPUnattend.exe,benign,114,0,0,1,0,1,0,0,0,1,1,
pnputil.exe,benign,160,0,0,3,0,0,0,2,0,2,1,
poqexec.exe,benign,218,0,0,2,0,0,0,1,0,1,1,
powercfg.exe,benign,213,0,0,2,0,0,0,2,1,2,1,
PresentationHost.exe,benign,220,0,0,2,0,0,0,1,0,2,1,
PresentationSettings.exe,benign,189,0,0,2,0,0,0,0,0,2,0,
prevhost.exe,benign,87,0,0,0,0,0,0,0,0,2,0,
print.exe,benign,84,0,0,0,0,0,0,0,0,1,0,
PrintBrmUi.exe,benign,151,0,0,2,0,0,0,0,1,2,0,
printfilterpipelinesvc.exe,benign,336,0,0,6,0,0,0,0,1,2,0,
PrintIsolationHost.exe,benign,110,0,0,0,0,0,0,0,0,2,0,
printui.exe,benign,60,0,0,0,0,0,0,0,0,2,0,
proquota.exe,benign,142,0,0,1,0,0,0,0,0,2,0,
provlaunch.exe,benign,91,0,0,0,0,0,0,0,0,2,0,
provtool.exe,benign,128,0,0,2,0,0,0,0,1,2,0,
ProximityUxHost.exe,benign,267,6,2,2,0,0,0,0,0,2,1,
prproc.exe,benign,40,0,0,0,0,0,0,0,0,2,0,
psr.exe,benign,431,0,0,7,0,0,0,0,1,2,0,
pwlauncher.exe,benign,104,0,0,0,0,0,0,1,0,1,1,
qappsrv.exe,benign,80,0,0,2,0,0,0,0,0,1,0,
qprocess.exe,benign,96,0,0,1,0,0,0,2,0,1,1,
query.exe,benign,65,0,0,0,0,0,0,0,0,1,0,
quser.exe,benign,88,0,0,1,0,0,0,0,0,1,0,
qwinsta.exe,benign,88,0,0,1,0,0,0,0,0,1,0,
rasautou.exe,benign,64,0,0,0,0,0,0,0,0,1,0,
rasdial.exe,benign,69,0,0,2,0,0,0,0,0,1,0,
raserver.exe,benign,206,9,0,0,0,0,0,0,0,2,1,
rasphone.exe,benign,73,0,0,0,0,0,0,1,0,1,1,
rdpclip.exe,benign,336,0,0,6,0,0,0,1,1,2,1,
rdpinit.exe,benign,298,3,1,1,0,0,0,4,0,3,2,
rdpinput.exe,benign,171,0,0,2,0,0,0,1,2,2,1,
RdpSa.exe,benign,123,0,0,0,0,0,0,1,0,1,1,
RdpSaProxy.exe,benign,102,0,0,0,0,0,0,1,0,1,1,
RdpSaUacHelper.exe,benign,106,3,1,0,0,0,0,2,2,1,2,
rdpshell.exe,benign,392,0,0,2,0,0,0,1,0,3,1,
rdpsign.exe,benign,129,1,0,5,0,0,0,0,1,1,1,
rdrleakdiag.exe,benign,133,0,0,3,0,0,0,2,3,3,1,
readCloudDataSettings.exe,benign,119,0,0,0,0,0,0,0,0,2,0,
ReAgentc.exe,benign,151,0,0,2,0,0,0,0,0,2,0,
recdisc.exe,benign,202,0,0,4,2,0,0,1,3,2,2,
recover.exe,benign,62,0,0,0,0,0,0,0,0,1,0,
RecoveryDrive.exe,benign,253,0,0,4,0,0,0,2,1,3,1,
ReFsDedupSvc.exe,benign,559,0,0,7,3,0,0,2,1,2,2,
refsutil.exe,benign,460,0,0,6,0,0,0,2,0,2,1,
reg.exe,benign,123,0,0,5,0,0,0,2,1,2,1,
regedt32.exe,benign,39,0,0,0,0,0,0,0,0,1,0,
regini.exe,benign,100,0,0,3,0,0,0,0,0,1,0,
Register-CimProvider.exe,benign,56,0,0,0,0,0,0,0,0,1,0,
RegistryDefragBootTime.exe,benign,42,0,0,2,0,0,0,0,0,0,0,
regsvr32.exe,benign,115,0,0,2,0,0,0,0,0,2,0,
rekeywiz.exe,benign,142,0,0,4,1,0,0,0,1,1,1,
relog.exe,benign,126,0,0,6,0,0,0,0,1,2,0,
RelPost.exe,benign,186,0,0,5,0,0,0,2,1,3,1,
RemotePosWorker.exe,benign,45,0,0,0,0,0,0,0,0,1,0,
repair-bde.exe,benign,110,0,0,5,0,0,0,0,1,1,0,
replace.exe,benign,103,0,0,1,0,0,0,0,0,1,0,
reset.exe,benign,65,0,0,0,0,0,0,0,0,1,0,
ResetEngine.exe,benign,39,0,0,0,0,0,0,0,0,1,0,
resmon.exe,benign,44,0,0,0,0,0,0,0,0,2,0,
rgnupdt.exe,benign,94,0,0,0,0,0,0,0,0,2,0,
RMActivate.exe,benign,129,9,1,3,1,0,0,1,1,1,3,
RMActivate_isv.exe,benign,129,9,1,3,1,0,0,1,1,1,3,
RMActivate_ssp.exe,benign,88,5,0,0,0,0,0,1,0,1,2,
RMActivate_ssp_isv.exe,benign,88,5,0,0,0,0,0,1,0,1,2,
RmClient.exe,benign,54,0,0,3,0,0,0,1,0,1,1,
rmttpmvscmgrsvr.exe,benign,169,3,0,0,0,0,0,0,0,2,1,
Robocopy.exe,benign,234,0,0,2,0,0,0,2,1,2,1,
ROUTE.EXE,benign,77,0,0,0,0,0,0,0,0,1,0,
RpcPing.exe,benign,105,0,0,1,0,0,0,0,0,1,0,
rrinstaller.exe,benign,113,0,0,0,0,0,0,0,0,2,0,
rstrui.exe,benign,270,0,0,4,4,0,0,2,4,2,2,
runas.exe,benign,89,0,0,0,0,0,0,0,0,1,0,
rundll32.exe,benign,154,0,0,2,0,0,0,1,0,2,1,
runexehelper.exe,benign,120,0,0,1,0,0,0,0,0,2,0,
RunLegacyCPLElevated.exe,benign,83,0,0,0,0,0,0,0,0,2,0,
runonce.exe,benign,201,0,0,2,0,0,0,0,1,3,0,
RuntimeBroker.exe,benign,135,0,0,0,0,0,0,0,0,2,0,
rwinsta.exe,benign,78,0,0,1,0,0,0,0,0,1,0,
sc.exe,benign,80,0,0,1,0,0,0,0,0,2,0,
schtasks.exe,benign,163,0,0,3,0,0,0,0,0,1,0,
ScriptRunner.exe,benign,1,0,0,0,0,0,0,0,0,0,0,
sdbinst.exe,benign,216,0,0,7,0,0,0,0,1,2,0,
sdchange.exe,benign,147,0,0,0,0,0,0,0,2,2,0,
sdclt.exe,benign,379,0,0,4,1,1,0,2,3,2,3,
sdiagnhost.exe,benign,101,0,0,0,0,0,0,1,0,2,1,
SearchFilterHost.exe,benign,266,0,0,1,0,0,0,1,0,2,1,
SearchIndexer.exe,benign,426,0,0,6,4,0,0,1,1,2,2,
SearchProtocolHost.exe,benign,318,0,0,4,0,0,0,2,1,3,1,
SecEdit.exe,benign,81,0,0,2,0,0,0,0,0,1,0,
secinit.exe,benign,33,0,0,0,0,0,0,0,0,1,0,
securekernel.exe,benign,41,7,2,0,0,0,0,0,0,0,1,
SecurityHealthHost.exe,benign,138,0,0,1,0,0,0,0,0,2,0,
SecurityHealthService.exe,benign,142,0,0,3,0,0,0,0,1,2,0,
SecurityHealthSystray.exe,benign,100,0,0,0,0,0,0,0,0,2,0,
SensorDataService.exe,benign,204,0,0,2,0,0,0,1,3,2,1,boost
SensorRuntimeBroker.exe,benign,139,0,0,0,0,0,0,2,0,2,1,
services.exe,benign,480,0,0,6,0,0,0,2,1,3,1,
sessionmsg.exe,benign,208,0,0,0,0,0,0,0,0,1,0,
sethc.exe,benign,269,0,0,1,0,0,0,1,1,2,1,
setspn.exe,benign,71,0,0,1,0,0,0,0,0,1,0,
setupcl.exe,benign,24,0,0,0,0,0,0,0,0,0,0,
setupugc.exe,benign,234,2,2,3,3,1,0,2,1,3,4,
setx.exe,benign,109,0,0,2,0,0,0,0,0,1,0,
sfc.exe,benign,155,0,0,3,0,0,0,0,1,2,0,
ShellAppRuntime.exe,benign,590,0,0,6,0,0,0,1,3,3,1,boost
ShellHost.exe,benign,279,0,0,0,0,0,0,0,0,2,0,
shrpubw.exe,benign,123,0,0,0,1,0,0,0,0,1,1,
shutdown.exe,benign,66,0,0,1,0,0,0,0,0,1,0,
sigverif.exe,benign,163,0,0,3,0,0,0,0,3,1,0,
SIHClient.exe,benign,218,0,0,0,0,0,0,0,0,2,0,
sihost.exe,benign,142,0,0,0,0,0,0,0,0,2,0,
SlideToShutDown.exe,benign,31,0,0,0,0,0,0,0,0,1,0,
slui.exe,benign,195,0,0,0,0,0,0,0,0,2,0,
smartscreen.exe,benign,257,1,0,1,1,0,0,1,0,1,3,
smss.exe,benign,217,0,0,2,0,0,0,0,0,1,0,
SndVol.exe,benign,370,0,0,0,0,0,0,0,0,2,0,
snmptrap.exe,benign,74,0,0,1,0,0,0,0,0,1,0,
sort.exe,benign,79,0,0,3,0,0,0,0,0,1,0,
sort1.exe,benign,69,0,0,0,0,0,0,0,0,1,0,
SpaceAgent.exe,benign,211,2,2,4,4,0,0,2,0,3,3,
spaceman.exe,benign,112,2,2,1,0,0,0,0,0,2,1,
spaceutil.exe,benign,151,2,2,3,0,0,0,0,0,2,1,
SpatialAudioLicenseSrv.exe,benign,134,0,0,0,0,0,0,0,0,2,0,
spoolsv.exe,benign,368,0,0,4,0,0,0,2,1,2,1,
spoolsvworker.exe,benign,367,0,0,4,0,0,0,2,1,2,1,
SppExtComObj.Exe,benign,169,3,1,0,0,0,0,0,0,1,1,
sppsvc.exe,benign,301,11,2,6,0,0,0,1,3,2,2,
srdelayed.exe,benign,40,0,0,2,0,0,0,0,0,0,0,
SrTasks.exe,benign,140,0,0,4,0,0,0,0,1,2,0,
stordiag.exe,benign,178,0,0,6,1,0,0,1,0,2,2,
subst.exe,benign,83,0,0,0,0,0,0,0,0,1,0,
sudo.exe,benign,185,0,0,5,0,0,0,1,0,3,1,
svchost.exe,benign,140,0,0,0,0,0,0,1,0,3,1,
sxstrace.exe,benign,74,0,0,2,0,0,0,0,0,1,0,
SyncAppvPublishingServer.exe,benign,80,0,0,0,0,0,0,0,0,2,0,
SyncHost.exe,benign,112,0,0,0,0,0,0,0,0,2,0,
SysResetErr.exe,benign,100,0,0,0,0,0,0,0,0,1,0,
systeminfo.exe,benign,148,0,0,1,0,0,0,0,0,1,0,
SystemPropertiesAdvanced.exe,benign,25,0,0,0,0,0,0,0,0,1,0,
SystemPropertiesComputerName.exe,benign,25,0,0,0,0,0,0,0,0,1,0,
SystemPropertiesDataExecutionPrevention.exe,benign,25,0,0,0,0,0,0,0,0,1,0,
SystemPropertiesHardware.exe,benign,25,0,0,0,0,0,0,0,0,1,0,
SystemPropertiesPerformance.exe,benign,26,0,0,0,0,0,0,0,0,1,0,
SystemPropertiesProtection.exe,benign,25,0,0,0,0,0,0,0,0,1,0,
SystemPropertiesRemote.exe,benign,25,0,0,0,0,0,0,0,0,1,0,
SystemSettingsAdminFlows.exe,benign,486,0,0,1,0,0,0,2,3,2,1,
SystemSettingsBroker.exe,benign,127,0,0,0,0,0,0,1,0,2,1,
SystemSettingsRemoveDevice.exe,benign,87,0,0,0,0,0,0,0,0,2,0,
SystemUWPLauncher.exe,benign,127,0,0,0,0,0,0,1,0,2,1,
systray.exe,benign,29,0,0,0,0,0,0,0,0,1,0,
tabcal.exe,benign,159,0,0,0,0,0,0,1,0,1,1,
takeown.exe,benign,118,0,0,3,0,0,0,2,0,1,1,
TapiUnattend.exe,benign,54,0,0,0,0,0,0,0,0,2,0,
tar.exe,benign,203,0,0,3,0,0,0,0,0,2,0,
taskhostw.exe,benign,123,0,0,0,0,0,0,0,0,2,0,
taskkill.exe,benign,175,0,0,1,0,1,0,2,1,1,2,
tasklist.exe,benign,183,0,0,1,0,1,0,2,1,2,2,
Taskmgr.exe,benign,1088,0,0,4,4,0,0,2,3,3,2,
tcblaunch.exe,benign,0,0,0,0,0,0,0,0,0,0,0,
tcmsetup.exe,benign,66,0,0,0,0,0,0,0,0,2,0,
TCPSVCS.EXE,benign,45,0,0,0,0,0,0,0,0,1,0,
ThumbnailExtractionHost.exe,benign,110,0,0,0,0,0,0,0,0,2,0,
TieringEngineService.exe,benign,249,0,0,5,2,0,0,2,1,2,2,
timeout.exe,benign,83,0,0,0,0,0,0,0,0,1,0,
TokenBrokerCookies.exe,benign,97,0,0,0,0,0,0,0,0,2,0,
TpmInit.exe,benign,100,0,0,0,0,0,0,0,0,1,0,
TpmTool.exe,benign,300,7,2,2,0,0,0,0,1,2,1,boost
tpmvscmgr.exe,benign,161,3,0,0,0,0,0,0,0,2,1,
tpmvscmgrsvr.exe,benign,170,3,0,0,0,0,0,0,0,2,1,
tracerpt.exe,benign,256,0,0,5,0,0,0,0,1,1,0,
TRACERT.EXE,benign,65,0,0,0,0,0,0,0,0,1,0,
tscon.exe,benign,79,0,0,1,0,0,0,0,0,1,0,
tsdiscon.exe,benign,79,0,0,1,0,0,0,0,0,1,0,
tskill.exe,benign,79,0,0,1,0,0,0,0,0,1,0,
TSTheme.exe,benign,128,0,0,0,0,0,0,1,0,2,1,
TSWbPrxy.exe,benign,145,0,0,0,0,0,0,0,0,2,0,
TsWpfWrp.exe,benign,1,0,0,0,0,0,0,0,0,0,0,
ttdinject.exe,benign,182,0,0,0,0,0,0,3,0,3,1,
tttracer.exe,benign,113,0,0,1,0,0,0,0,0,2,0,
typeperf.exe,benign,141,0,0,4,0,0,0,0,0,2,0,
tzsync.exe,benign,0,0,0,0,0,0,0,0,0,0,0,
tzutil.exe,benign,93,0,0,1,0,0,0,2,0,1,1,
UCConfigTask.exe,benign,80,0,0,0,0,0,0,0,0,2,0,
UCPDMgr.exe,benign,102,0,0,0,0,0,0,0,1,2,0,
ucsvc.exe,benign,95,0,0,1,0,0,0,2,0,2,1,
UevAgentPolicyGenerator.exe,benign,1,0,0,0,0,0,0,0,0,0,0,
UevAppMonitor.exe,benign,1,0,0,0,0,0,0,0,0,0,0,
UevTemplateBaselineGenerator.exe,benign,1,0,0,0,0,0,0,0,0,0,0,
UevTemplateConfigItemGenerator.exe,benign,1,0,0,0,0,0,0,0,0,0,0,
UIEOrchestratorStub.exe,benign,106,0,0,1,0,0,0,0,0,2,0,
UIMgrBroker.exe,benign,127,0,0,0,0,0,0,1,0,2,1,
uniq.exe,benign,48,0,0,0,0,0,0,0,0,1,0,
unlodctr.exe,benign,82,0,0,2,0,0,0,0,0,2,0,
unregmp2.exe,benign,163,0,0,6,0,0,0,0,4,2,0,
updatecli.exe,benign,104,0,0,1,0,0,0,0,0,2,0,
upfc.exe,benign,150,0,0,1,0,0,0,0,2,2,0,
UpgradeResultsUI.exe,benign,115,0,0,0,0,0,0,0,0,2,0,
upnpcont.exe,benign,135,0,0,0,0,0,0,0,0,2,0,
UPPrinterInstaller.exe,benign,120,0,0,0,0,0,0,0,0,2,0,
UserAccountBroker.exe,benign,106,0,0,0,0,0,0,0,0,2,0,
UserAccountControlSettings.exe,benign,98,0,0,0,0,0,0,1,0,2,1,
UserDataSource.exe,benign,100,0,0,0,0,0,0,0,0,2,0,
userinit.exe,benign,147,0,0,0,0,0,0,0,0,3,0,
UsoClient.exe,benign,104,0,0,1,0,0,0,0,0,2,0,
UtcDecoderHost.exe,benign,157,0,0,0,0,0,0,0,0,2,0,
Utilman.exe,benign,238,0,0,1,0,0,0,1,1,2,1,
VaultCmd.exe,benign,82,1,0,1,0,0,0,0,0,2,1,
vds.exe,benign,385,0,0,4,5,0,0,2,3,2,2,
vdsldr.exe,benign,128,0,0,0,0,0,0,0,0,1,0,
verclsid.exe,benign,43,0,0,0,0,0,0,0,0,1,0,
verifier.exe,benign,159,0,0,2,0,0,0,2,3,1,1,
verifiergui.exe,benign,156,0,0,1,0,0,0,2,0,1,1,
VoiceAccess.exe,benign,244,0,0,1,0,0,0,1,1,2,1,
VsGraphicsDesktopEngine.exe,benign,419,9,1,7,0,0,0,1,1,2,2,
VsGraphicsRemoteEngine.exe,benign,366,9,1,7,0,0,0,1,1,2,2,
vsjitdebugger.exe,benign,206,0,0,6,0,0,0,3,0,3,1,
vssadmin.exe,benign,129,0,0,2,3,0,0,2,0,1,2,
VSSVC.exe,benign,251,0,0,6,5,0,0,2,1,3,2,
vulkaninfo-1-999-0-0-0.exe,benign,111,0,0,6,0,0,0,0,0,2,0,
vulkaninfo.exe,benign,111,0,0,6,0,0,0,0,0,2,0,
w32tm.exe,benign,225,0,0,2,0,0,0,2,3,2,1,
waitfor.exe,benign,97,0,0,3,0,1,0,0,0,1,1,
WallpaperHost.exe,benign,60,0,0,0,0,0,0,0,0,2,0,
wbadmin.exe,benign,203,0,0,5,3,0,0,0,3,1,1,
wbengine.exe,benign,415,0,0,9,5,0,0,2,4,2,2,
wecutil.exe,benign,124,0,0,2,0,0,0,0,0,1,0,
WerFault.exe,benign,444,2,0,6,1,0,0,4,3,4,3,
WerFaultSecure.exe,benign,170,0,0,4,0,0,0,1,0,3,1,
wermgr.exe,benign,252,0,0,4,0,0,0,4,3,3,1,
wevtutil.exe,benign,195,0,0,3,0,0,0,2,0,2,1,
wextract.exe,benign,156,0,0,3,0,0,0,2,0,1,1,
WFS.exe,benign,421,0,0,7,0,0,0,0,1,2,0,
where.exe,benign,99,0,0,3,0,0,0,0,0,1,0,
whoami.exe,benign,127,0,0,0,0,0,0,2,0,1,1,
wiaacmgr.exe,benign,168,0,0,1,0,0,0,0,1,2,0,
wiawow64.exe,benign,114,0,0,3,0,0,0,0,0,2,0,
wifitask.exe,benign,122,0,0,3,0,0,0,1,0,2,1,
wimserv.exe,benign,239,0,0,6,2,0,0,2,1,2,2,
WinBioDataModelOOBE.exe,benign,125,0,0,0,0,0,0,0,0,2,0,
WinCsFlags.exe,benign,296,0,0,1,0,0,0,1,0,2,1,
Windows.Media.BackgroundPlayback.exe,benign,56,0,0,0,0,0,0,0,0,2,0,
Windows.WARP.JITService.exe,benign,102,0,0,0,0,0,0,0,0,2,0,
WindowsActionDialog.exe,benign,122,0,0,0,0,0,0,0,0,2,0,
WindowsUpdateElevatedInstaller.exe,benign,81,0,0,0,0,0,0,0,0,2,0,
wininit.exe,benign,463,6,2,4,3,0,0,2,1,4,3,
winload.exe,benign,0,0,0,0,0,0,0,0,0,0,0,
winlogon.exe,benign,481,0,0,2,0,0,0,2,2,4,1,
winresume.exe,benign,0,0,0,0,0,0,0,0,0,0,0,
winrs.exe,benign,115,0,0,2,0,0,0,0,0,1,0,
winrshost.exe,benign,74,0,0,0,0,0,0,0,0,1,0,
WinRTNetMUAHostServer.exe,benign,69,0,0,0,0,0,0,0,0,1,0,
WinSAT.exe,benign,444,6,0,8,0,0,0,1,1,2,2,
winver.exe,benign,37,0,0,0,0,0,0,0,0,1,0,
wkspbroker.exe,benign,259,4,1,3,0,0,0,1,0,2,2,
wksprt.exe,benign,317,3,0,4,0,0,0,0,1,2,1,
wlanext.exe,benign,119,0,0,3,0,0,0,2,0,2,1,
wlrmdr.exe,benign,172,0,0,0,0,0,0,0,2,3,0,
WMPDMC.exe,benign,588,0,0,0,0,0,0,0,0,2,0,
WorkFolders.exe,benign,111,0,0,0,0,0,0,0,0,2,0,
wowreg32.exe,benign,64,0,0,0,0,0,0,0,0,1,0,
WpcMon.exe,benign,391,0,0,6,0,0,0,1,3,2,1,
WpcTok.exe,benign,193,0,0,0,0,0,0,1,3,2,1,
WPDShextAutoplay.exe,benign,106,0,0,0,0,0,0,0,0,2,0,
wpnpinst.exe,benign,81,0,0,6,0,0,0,0,1,2,0,
wpr.exe,benign,248,0,0,6,0,0,0,0,1,2,0,
wscadminui.exe,benign,23,0,0,0,0,0,0,0,0,1,0,
WSCollect.exe,benign,65,0,0,2,0,0,0,0,0,1,0,
wscript.exe,benign,218,0,0,3,0,0,0,0,0,2,0,
wsl.exe,benign,205,0,0,4,0,0,0,1,3,2,1,
WSManHTTPConfig.exe,benign,84,0,0,0,0,0,0,0,2,1,0,
wsmprovhost.exe,benign,75,0,0,0,0,0,0,0,0,1,0,
wsqmcons.exe,benign,62,0,0,0,0,0,0,0,0,1,0,
WSReset.exe,benign,107,0,0,2,0,0,0,0,4,2,0,
wuapihost.exe,benign,76,0,0,0,0,0,0,0,0,2,0,
wuauclt.exe,benign,129,0,0,1,0,0,0,0,0,3,0,
WUDFCompanionHost.exe,benign,194,0,0,3,0,0,0,0,1,2,0,
WUDFHost.exe,benign,179,0,0,3,0,0,0,0,0,2,0,
wusa.exe,benign,233,3,1,4,0,0,0,2,1,2,2,
WWAHost.exe,benign,201,0,0,2,0,0,0,1,1,3,1,
XblGameSaveTask.exe,benign,98,0,0,0,0,0,0,0,0,2,0,
xcopy.exe,benign,175,0,0,0,0,0,0,0,0,1,0,
xgamecontrol.exe,benign,77,0,0,0,0,0,0,0,0,1,0,
xgamehelper.exe,benign,127,0,0,0,0,0,0,0,0,1,0,
xwizard.exe,benign,106,0,0,0,0,0,0,0,0,1,0,
