sample_id,sha256,label,verdict,family,source,coverage,static_readable,malscore,cape_family,n_file_writes,n_crypto_calls,write_crypto_pearson,crypto_buffer_entropy_mean,crypto_buffer_entropy_max,n_read,n_write,n_delete,n_move,n_copy,n_execute,delete_to_write_ratio,move_to_write_ratio,destructive_extension_variety,active_windows,destructive_chain_windows,write_only_nondestructive_windows,other_windows,total_imports,imp_crypto,imp_random,imp_file_ops,imp_volume_enum,imp_network_spread,imp_file_unlock,imp_process_enum,imp_shadow_service,imp_anti_analysis,indicative_category_count,static_crypto_libs,unpacked_total_imports,unpacked_indicative_category_count,categories_revealed_by_unpacking,crypto_imported_not_called,crypto_called_not_imported,static_dynamic_agreement,n_executed_commands,n_shadow_delete,n_recovery_disable,n_service_stop,n_process_kill,n_log_clear,n_services_created,n_services_started,n_service_events,n_registry_writes,n_registry_deletes,prep_to_destroy_delay_sec,n_prep_processes,n_prep_categories,n_prep_before_destroy,prep_precedes_destroy,prep_to_first_destroy_sec,n_destroy_after_prep,destroy_span_after_prep_sec,n_prep_during_destroy,prep_overlaps_destroy,prep_position_in_destroy
H2408,ec5b6d4494d7dac409d8e48ac5f0296095369a9f30c7db6ffbb0f5ff399cdb68,hardneg,TRUE_ENCRYPTION,,cape,full,1,7.0,,304,0,,,,188,304,94,0,0,0,0.3092105263157895,0.0,17,29,18,7,4,59,0,0,3,0,0,0,0,0,1,0,,0,,,0,0,1,0,0,0,0,0,0,0,0,0,0,0,,0,0,,,,,,,,
H2409,b9bd4986b9426a4d885a30cde93f7525966054a0411c9b0ea6824ab1693975e8,hardneg,TRUE_ENCRYPTION,,cape,full,1,2.0,,188,0,,,,0,188,0,0,0,0,0.0,0.0,0,15,0,15,0,57,0,0,2,0,0,0,0,0,1,0,,0,,,0,0,1,0,0,0,0,0,0,0,0,0,0,0,,0,0,,,,,,,,
H2410,92f29b7f84be97882fc5ee6e3548295e2000eb2b0387c4a90280f9a3c663468c,hardneg,NO_VICTIM_ACTIVITY,,cape,full,1,9.0,,214,0,,,,0,214,0,0,0,7,0.0,0.0,0,19,0,12,7,57,0,0,0,0,0,0,0,0,1,0,,0,,,0,0,1,7,2,2,1,0,0,0,0,3,1,1,-78.4,4,3,0,,,,,,,
H2411,bf08d4c117064518e57e6a68d5d2250a56e7e6f699df497deffef58b793f6a61,hardneg,FAILED,,cape,static_only,1,8.0,,,,,,,,,,,,,,,,,,,,58,0,0,2,0,0,0,0,0,1,0,,0,,,,,,,,,,,,,,,,,,,,,,,,,,,
H2412,79302c760a0d88a4d334b8911dc1fc2baf58bb193ff440dc8373d9b6d907adf2,hardneg,NO_VICTIM_ACTIVITY,,cape,full,1,9.0,,159,0,,,,0,159,0,0,0,2,0.0,0.0,0,6,0,5,1,57,0,0,0,0,0,0,0,0,1,0,,0,,,0,0,1,2,2,0,0,0,0,0,0,0,0,0,,1,1,0,,,,,,,
H2413,72de8354d0ca26b74769cfa046bdfc6a5822429d2d32e8e2930c88f3c0d47881,hardneg,TRUE_ENCRYPTION,,cape,full,1,9.0,,628,0,,,,2000,628,452,0,0,0,0.7197452229299363,0.0,32,33,14,2,17,58,0,0,3,0,0,0,0,0,1,0,,1231,2,2,0,0,1,0,0,0,0,0,0,0,0,0,0,0,,0,0,,,,,,,,
H2414,2cd33c5ea3d70cf16817f1a86f549d6cea92ea779a6c7a71609dbf8a3a1251fd,hardneg,TRUE_ENCRYPTION,,cape,full,1,7.0,,222,0,,,,53,222,53,0,0,0,0.23873873873873874,0.0,6,12,7,5,0,60,0,0,3,0,0,0,0,0,1,0,,0,,,0,0,1,0,0,0,0,0,0,0,0,0,0,0,,0,0,,,,,,,,
H2415,7fff7f4404e869bf60159999c80b469144ebeb9b5fdda260420cda0bb4feb654,hardneg,FAILED,,cape,static_only,1,2.0,,,,,,,,,,,,,,,,,,,,60,0,0,3,0,0,0,0,0,1,0,,0,,,,,,,,,,,,,,,,,,,,,,,,,,,
H2416,04836b900c0ffc0d591065e9122dc398b919f24c68fcd135d11b9cb10d447c9b,hardneg,TRUE_ENCRYPTION,,cape,full,1,9.0,,398,0,,,,2000,398,222,0,0,0,0.5577889447236181,0.0,2,40,14,3,23,59,0,0,3,0,0,0,0,0,1,0,,12165,4,4,0,0,1,0,0,0,0,0,0,0,0,0,0,0,,0,0,,,,,,,,
H2417,ea15b1279f43174534eb6a01efb47e0ed7b9912003b3966ebeb066e338dda2b9,hardneg,TRUE_ENCRYPTION,,cape,full,1,7.0,,405,0,,,,100,405,100,0,0,0,0.24691358024691357,0.0,1,13,4,9,0,57,0,0,3,0,0,0,0,0,1,0,,0,,,0,0,1,0,0,0,0,0,0,0,0,0,0,0,,0,0,,,,,,,,
H2418,3757d228723796b79dc3919480a96df42078d2fe3345848f362ad9690b47ae4a,hardneg,FAILED,,cape,static_only,1,1.0,,,,,,,,,,,,,,,,,,,,57,0,0,3,0,0,0,0,0,1,0,,0,,,,,,,,,,,,,,,,,,,,,,,,,,,
H2419,cfe271bc37e26195fc35e5ca1388d13af4781e7319a8cfb44d38a20d6a2264b6,hardneg,TRUE_ENCRYPTION,,cape,full,1,7.0,,3211,0,,,,1500,3211,1500,0,0,0,0.4671441918405481,0.0,1,43,24,19,0,57,0,0,3,0,0,0,0,0,1,0,,0,,,0,0,1,0,0,0,0,0,0,0,0,0,0,0,,0,0,,,,,,,,
H2420,50cdba3decd6fcedee28ca99b2e5db9dc09bf5b61c9e01d4bedbc700b95c9dc4,hardneg,TRUE_ENCRYPTION,,cape,full,1,8.0,Scarab-Dharma,258,0,,,,94,258,0,0,0,0,0.0,0.0,0,10,0,10,0,58,0,0,3,0,0,0,0,0,1,0,,76,1,1,0,0,1,0,0,0,0,0,0,0,0,0,0,0,,0,0,,,,,,,,
H2421,f7d7adc7b1ddcc9990b0211cba90546928f542e31c705b567721105c3988a472,hardneg,TRUE_ENCRYPTION,,cape,full,1,7.0,,263,0,,,,94,263,94,0,0,0,0.3574144486692015,0.0,17,8,7,1,0,59,0,0,3,0,0,0,0,0,1,0,,0,,,0,0,1,0,0,0,0,0,0,0,0,0,0,0,,0,0,,,,,,,,
H2422,eaf7bb21f72019f63d7b824dc6e730fbf45e69c77c00b3949407819dc57b6315,hardneg,TRUE_ENCRYPTION,,cape,full,1,7.0,,263,0,,,,94,263,94,0,0,0,0.3574144486692015,0.0,17,12,7,5,0,59,0,0,3,0,0,0,0,0,1,0,,0,,,0,0,1,0,0,0,0,0,0,0,0,0,0,0,,0,0,,,,,,,,
H2423,c9686d1bd663d1effd4021061998d0ae75193bd8988310c0bdf7281ecce40a7c,hardneg,TRUE_ENCRYPTION,,cape,full,1,2.0,,168,0,,,,94,168,0,94,0,0,0.0,0.5595238095238095,17,11,2,4,5,58,0,0,2,0,0,0,0,0,1,0,,0,,,0,0,1,0,0,0,0,0,0,0,0,0,0,0,,0,0,,,,,,,,
H2424,818154cdaebf9acac95b0b90bcd16672b3a934800bf83a24da5ae47ee083b85c,hardneg,TRUE_ENCRYPTION,,cape,full,1,7.0,,217,0,,,,94,217,94,0,0,0,0.43317972350230416,0.0,17,10,6,2,2,59,0,0,3,0,0,0,0,0,1,0,,633,2,2,0,0,1,0,0,0,0,0,0,0,0,0,0,0,,0,0,,,,,,,,
H2425,c6d06ff0ec4100627282338982a338a1c967fa1f2ec8ca524a121e00f78561c5,hardneg,TRUE_ENCRYPTION,,cape,full,1,2.0,,261,0,,,,0,261,0,0,0,0,0.0,0.0,0,10,0,10,0,57,0,0,2,0,0,0,0,0,1,0,,0,,,0,0,1,0,0,0,0,0,0,0,0,0,0,0,,0,0,,,,,,,,
H2426,dda9a37f1b1574ed8610862dd4712c81b90044379ee1d84de726dc2919d9f571,hardneg,TRUE_ENCRYPTION,,cape,full,1,7.0,,263,658,0.1295387553757498,4.592032077878074,7.276724548843471,94,263,94,0,0,0,0.3574144486692015,0.0,17,16,13,3,0,67,4,0,3,0,0,0,0,0,1,1,,0,,,0,0,1,0,0,0,0,0,0,0,0,0,0,0,,0,0,,,,,,,,
H2427,72ffa3f46fa3d0260d752a6d18b24157bcf6e7d64d61650d433fea85bba471c1,hardneg,TRUE_ENCRYPTION,,cape,full,1,9.0,Scarab-Dharma,259,0,,,,94,259,90,0,0,0,0.3474903474903475,0.0,16,10,8,2,0,60,0,0,3,0,0,0,0,0,1,0,,0,,,0,0,1,0,0,0,0,0,0,0,0,0,0,0,,0,0,,,,,,,,
H2428,2baab26ed3cfacba1376730c1f46201fe5221222c94549a0397af97b436d6fd7,hardneg,TRUE_ENCRYPTION,,cape,full,1,2.0,,262,0,,,,94,262,0,0,0,0,0.0,0.0,0,11,0,11,0,58,0,0,3,0,0,0,0,0,1,0,,76,1,1,0,0,1,0,0,0,0,0,0,0,0,0,0,0,,0,0,,,,,,,,
H2429,cf10fd4fbf605739d87f1432947495733692b3cbf37a6de1c58f89f4afa243ca,hardneg,TRUE_ENCRYPTION,,cape,full,1,8.0,Scarab-Dharma,167,0,,,,0,167,0,94,0,0,0.0,0.562874251497006,17,5,0,2,3,57,0,0,0,0,0,0,0,0,1,0,,0,,,0,0,1,0,0,0,0,0,0,0,0,0,0,0,,0,0,,,,,,,,
H2430,8c34f7df6b45bece4b7cd4e81f05e9118e7bb09c58334c8c8735638a27b9a0d1,hardneg,TRUE_ENCRYPTION,,cape,full,1,2.0,,168,0,,,,94,168,0,94,0,0,0.0,0.5595238095238095,17,8,2,2,4,60,0,0,2,0,0,0,0,0,1,0,,0,,,0,0,1,0,0,0,0,0,0,0,0,0,0,0,,0,0,,,,,,,,
H2431,0d24b49d5fb2ceff121eead9860d71bf75bcbf4d7b66e369507ab71386d3d3bd,hardneg,TRUE_ENCRYPTION,,cape,full,1,7.0,,263,0,,,,94,263,94,0,0,0,0.3574144486692015,0.0,17,9,7,2,0,61,0,0,3,0,0,0,0,0,1,0,,0,,,0,0,1,0,0,0,0,0,0,0,0,0,0,0,,0,0,,,,,,,,
H2432,a5dea539b78b3890bd89f2016c1cf684c9aaeb33c78c84f259b1898fef813fdc,hardneg,TRUE_ENCRYPTION,,cape,full,1,7.0,,263,0,,,,94,263,94,0,0,0,0.3574144486692015,0.0,17,11,8,3,0,59,0,0,3,0,0,0,0,0,1,0,,0,,,0,0,1,0,0,0,0,0,0,0,0,0,0,0,,0,0,,,,,,,,
H2433,79fa30175b6616fe0f463c49926aa766afa1eb5969fbf4c196d57abb9e21f010,hardneg,TRUE_ENCRYPTION,,cape,full,1,9.0,,627,0,,,,2000,627,452,0,0,0,0.7208931419457735,0.0,32,38,16,4,18,58,0,0,3,0,0,0,0,0,1,0,,1231,2,2,0,0,1,0,0,0,0,0,0,0,0,0,0,0,,0,0,,,,,,,,
H2434,04a858517733a9c1b368fcf66b341cf9c335ac9795a60314dc0ed758e2ea5611,hardneg,TRUE_ENCRYPTION,,cape,full,1,7.0,,758,0,,,,1998,758,582,0,0,0,0.7678100263852242,0.0,40,39,21,5,13,58,0,0,3,0,0,0,0,0,1,0,,4552,4,4,0,0,1,0,0,0,0,0,0,0,0,0,0,0,,0,0,,,,,,,,
H2435,063afb15cecdb55e172bf27c699d7c915db6b9b7c0c1a004e4af116002de65e1,hardneg,NO_VICTIM_ACTIVITY,,cape,full,1,2.0,,93,0,,,,94,93,0,0,0,0,0.0,0.0,0,4,0,3,1,57,0,0,2,0,0,0,0,0,1,0,,0,,,0,0,1,0,0,0,0,0,0,0,0,0,0,0,,0,0,,,,,,,,
H2436,b5b4f7b937a0d8f6c91f2e7b92c75e46c99d46e6d25ab1e167cb62db98ea5a11,hardneg,TRUE_ENCRYPTION,,cape,full,1,8.0,Scarab-Dharma,196,0,,,,94,196,0,0,0,0,0.0,0.0,0,12,0,12,0,58,0,0,3,0,0,0,0,0,1,0,,76,1,1,0,0,1,0,0,0,0,0,0,0,0,0,0,0,,0,0,,,,,,,,
H2437,f34778be49fd766b63876f1e358b3223bc9df5fab97f19c5594bf5e7969445c1,hardneg,TRUE_ENCRYPTION,,cape,full,1,7.0,,225,0,,,,94,225,94,0,0,0,0.4177777777777778,0.0,17,10,7,3,0,59,0,0,3,0,0,0,0,0,1,0,,0,,,0,0,1,0,0,0,0,0,0,0,0,0,0,0,,0,0,,,,,,,,
H2438,5937b4473f8bef7e76567deefef4be10fea10a9a000d390c9ca08b24c2074b32,hardneg,TRUE_ENCRYPTION,,cape,full,1,7.0,,253,0,,,,94,253,94,94,0,0,0.3715415019762846,0.3715415019762846,18,13,9,4,0,60,0,0,3,0,0,0,0,0,1,0,,0,,,0,0,1,0,0,0,0,0,0,0,0,0,0,0,,0,0,,,,,,,,
H2439,d8791a482419d4d8472bf3c4b6d036b0d211a733c765a61d6d3a8c1e48d0b8bd,hardneg,TRUE_ENCRYPTION,,cape,full,1,7.0,,302,0,,,,94,302,94,94,0,0,0.31125827814569534,0.31125827814569534,18,13,8,5,0,60,0,0,3,0,0,0,0,0,1,0,,0,,,0,0,1,0,0,0,0,0,0,0,0,0,0,0,,0,0,,,,,,,,
H2440,b3546eb58957c5532cd8de4b91dc19235c67377ec7f08493e76fba850bd6ce64,hardneg,TRUE_ENCRYPTION,,cape,full,1,9.0,,379,0,,,,94,379,94,94,0,0,0.24802110817941952,0.24802110817941952,18,15,8,7,0,61,0,0,3,0,0,0,0,0,1,0,,0,,,0,0,1,0,0,0,0,0,0,0,0,0,0,0,,0,0,,,,,,,,
H2441,d7c28759da79232e8a0e5e73577e84db13c046ae47b328380d144342d7a21c20,hardneg,TRUE_ENCRYPTION,,cape,full,1,9.0,,414,0,,,,94,414,94,94,0,2,0.22705314009661837,0.22705314009661837,18,17,8,7,2,63,0,0,3,0,0,0,0,0,1,0,,0,,,0,0,1,2,2,0,0,0,0,0,0,0,0,0,,1,1,0,0,,0,6.8,0,0,
H2442,e8e3194141881c8fb4ce734ea99aad8cc21b7887531c8158de1706b68701a57e,hardneg,TRUE_ENCRYPTION,,cape,full,1,7.0,,263,0,,,,94,263,94,0,0,0,0.3574144486692015,0.0,17,10,8,2,0,59,0,0,3,0,0,0,0,0,1,0,,0,,,0,0,1,0,0,0,0,0,0,0,0,0,0,0,,0,0,,,,,,,,
H2443,1cd39404d7a5d04623dc33e522983ced77ce3c31a5c3263782a69db404d3b307,hardneg,TRUE_ENCRYPTION,,cape,full,1,8.0,,263,0,,,,94,263,94,0,0,0,0.3574144486692015,0.0,17,103,90,8,5,59,0,0,3,0,0,0,0,0,1,0,,0,,,0,0,1,0,0,0,0,0,0,0,0,0,0,0,,0,0,,,,,,,,
H2444,150221c5fd58fe577ea9ba5118dbae8a8d386b1e9bef4e228722f7872d73a93a,hardneg,TRUE_ENCRYPTION,,cape,full,1,7.0,,263,0,,,,94,263,94,0,0,0,0.3574144486692015,0.0,17,14,10,3,1,59,0,0,3,0,0,0,0,0,1,0,,0,,,0,0,1,0,0,0,0,0,0,0,0,0,0,0,,0,0,,,,,,,,
H2445,0979d27b319a5c02578a19c710ac901f987fee0de4fea7d968f968d8c4189ed6,hardneg,TRUE_ENCRYPTION,,cape,full,1,7.0,,241,0,,,,86,241,57,0,0,1,0.23651452282157676,0.0,16,19,0,14,5,54,0,0,0,0,0,0,0,0,1,0,,0,,,0,0,1,1,0,0,0,0,0,0,0,0,0,0,,0,0,,,,,,,,
H2446,b19887ebe767314eb936de766664a2e56b90f93438a7d007f17b7e79e9970c0a,hardneg,NO_VICTIM_ACTIVITY,,cape,full,1,3.0,,183,0,,,,80,183,0,0,0,1,0.0,0.0,0,13,0,12,1,54,0,0,0,0,0,0,0,0,1,0,,0,,,0,0,1,1,0,0,0,0,0,0,0,0,0,0,,0,0,,,,,,,,
H2447,4ee04ef3cbe131f431cd7060dec061cd62d54a8fb480b4fd6498b666e4d82300,hardneg,TRUE_ENCRYPTION,,cape,full,1,7.0,,3096,0,,,,218,3096,67,0,0,75,0.021640826873385012,0.0,16,317,37,178,102,57,0,0,0,0,0,0,0,0,1,0,,0,,,0,0,1,76,0,0,0,0,0,0,0,0,0,0,,0,0,,,,,,,,
H2448,00a3c8c1040c3ff50856dd0050905eff5d9e84db84c97ffee36f586ec59d6cab,hardneg,NO_VICTIM_ACTIVITY,,cape,full,1,6.0,,59,0,,,,0,59,0,0,0,4,0.0,0.0,0,8,0,5,3,54,0,0,0,0,0,0,0,0,1,0,,0,,,0,0,1,4,0,0,0,0,0,0,0,0,0,0,,0,0,,,,,,,,
H2449,aeb679e3872cfb074afc93d1816e4fb3a9950aac2638e7bda24394cf3de91cba,hardneg,NO_VICTIM_ACTIVITY,,cape,full,1,6.0,,186,0,,,,30,186,9,2,5,16,0.04838709677419355,0.010752688172043012,3,60,1,36,23,60,0,0,0,0,0,0,0,0,1,0,,0,,,0,0,1,18,0,0,0,2,0,0,1,1,24,8,-368.8,1,1,1,1,96.0,11,47.2,0,1,
H2450,f785a2082de72f148015d3b04b7ad046db7f4acec0bbf14d6a44763c3dde495a,hardneg,NO_VICTIM_ACTIVITY,,cape,full,1,9.0,,126,0,,,,78,126,24,16,0,25,0.19047619047619047,0.12698412698412698,4,95,0,25,70,54,0,0,0,0,0,0,0,0,1,0,,0,,,0,0,1,20,0,0,0,2,0,0,4,8,29,0,-23.3,1,1,1,1,50.0,40,289.1,0,1,
H2451,51ef1115c3f64f6419cdd12e260ab0bd523daa63ec1c9b754ce1b29529c6f0e5,hardneg,NO_VICTIM_ACTIVITY,,cape,full,1,5.8,,40,0,,,,0,40,0,0,0,2,0.0,0.0,0,5,0,3,2,54,0,0,0,0,0,0,0,0,1,0,,0,,,0,0,1,2,0,0,0,0,0,0,0,0,0,0,,0,0,,,,,,,,
H2452,801d782ab4421960f913a7f11dfb01816b47559c33bef4e1c19c18d6d96da338,hardneg,NO_VICTIM_ACTIVITY,,cape,full,1,8.0,Scarab-Dharma,156,0,,,,0,156,0,0,0,61,0.0,0.0,0,68,0,7,61,54,0,0,0,0,0,0,0,0,1,0,,0,,,0,0,1,119,0,0,0,0,0,0,0,0,4,0,,0,0,,,,,,,,
H2453,4b38e766f069388db60626456b160696316f175d8a64cb702491e743f7d70fad,hardneg,NO_VICTIM_ACTIVITY,,cape,full,1,8.0,,469,101,0.13738199771812842,,,32,469,0,0,0,71,0.0,0.0,0,185,0,96,89,57,0,0,0,0,0,0,0,0,1,0,,0,,,0,1,0,72,0,0,0,0,0,0,0,0,6,0,,0,0,,,,,,,,
H2454,82a2b66a841a4a1b75b470c5a13cbc05ba35a17658d71385dd0508a7edeacec9,hardneg,NO_VICTIM_ACTIVITY,,cape,full,1,8.0,,174,0,,,,0,174,0,0,0,18,0.0,0.0,0,26,0,10,16,54,0,0,0,0,0,0,0,0,1,0,,0,,,0,0,1,18,0,0,0,0,0,0,0,0,0,0,,0,0,,,,,,,,
H2455,d7d330b660215421a32edc16e4f2bb4b06c186943056839948a6577b211f0dd2,hardneg,NO_VICTIM_ACTIVITY,,cape,full,1,9.0,,62,0,,,,0,62,0,0,0,4,0.0,0.0,0,7,0,4,3,54,0,0,0,0,0,0,0,0,1,0,,0,,,0,0,1,4,0,0,0,0,0,0,1,28,0,0,-39.5,0,0,,,,,,,,
H2456,a4fa713cd587e5dcf7504641558e147a48416ddc9483cac7b093c5b80d7dd1de,hardneg,NO_VICTIM_ACTIVITY,,cape,full,1,8.0,Scarab-Dharma,38,0,,,,0,38,0,0,0,2,0.0,0.0,0,5,0,3,2,54,0,0,0,0,0,0,0,0,1,0,,0,,,0,0,1,2,0,0,0,0,0,0,0,0,0,0,,0,0,,,,,,,,
H2457,efeef552f420908c17332c83a36f4327a77df06775516865c64722b707d19f58,hardneg,NO_VICTIM_ACTIVITY,,cape,full,1,3.8,,60,0,,,,0,60,0,0,0,1,0.0,0.0,0,7,0,6,1,54,0,0,0,0,0,0,0,0,1,0,,0,,,0,0,1,1,0,0,0,0,0,0,0,0,0,0,,0,0,,,,,,,,
H2458,773bcda1b79737399dff97eb2c2c46b363d6e42681de277cdb702b4c10e4acb3,hardneg,NO_VICTIM_ACTIVITY,,cape,full,1,8.0,,173,0,,,,0,173,0,0,0,2,0.0,0.0,0,32,0,30,2,54,0,0,0,0,0,0,0,0,1,0,,0,,,0,0,1,2,0,0,0,0,0,0,0,0,0,0,,0,0,,,,,,,,
H2459,e4969daad70ff8afd8ddca1e99f455bebbe30794e0c697c415dd5c935d0ead96,hardneg,NO_VICTIM_ACTIVITY,,cape,full,1,9.0,,250,3,-0.009068840827607815,4.0,4.0,91,250,21,0,6,34,0.084,0.0,5,115,0,40,75,59,0,0,0,0,0,0,0,0,1,0,,0,,,0,1,0,35,0,0,0,2,0,0,2,2,81,6,-186.6,1,1,0,0,,0,335.0,1,1,0.374
H2460,ac48f435ab59d813f4b74c904418feda77cc362e4cda9c55318fa82d258a7587,hardneg,NO_VICTIM_ACTIVITY,,cape,full,1,6.0,,116,0,,,,23,116,9,2,5,6,0.07758620689655173,0.017241379310344827,3,28,1,15,12,59,0,0,0,0,0,0,0,0,1,0,,0,,,0,0,1,7,0,0,0,2,0,0,2,2,25,8,-42.3,1,1,1,1,239.1,11,55.6,0,1,
H2461,9c0586a09282a6497ef137fb79dd6e0a739560133fa8bfafb50767c7ae5cd29b,hardneg,NO_VICTIM_ACTIVITY,,cape,full,1,9.0,,539,84,-0.011699596510680069,3.1254698361877105,6.470135338820018,799,539,18,3,0,48,0.03339517625231911,0.0055658627087198514,3,208,4,95,109,59,0,0,0,0,0,0,0,0,1,0,,0,,,0,1,0,49,0,0,0,2,0,0,2,2,161,241,-22.4,0,0,,,,,,,,
H2462,f0fd13fda9af095e25c97f4c6d505a8fcbb102aa4b1a23011bdc3f08ae0ab29d,hardneg,WEAK_VICTIM_ACTIVITY,,cape,full,1,6.0,,244,594,-0.041665048954746646,6.297759484032213,6.476157391559539,293,244,0,0,0,8,0.0,0.0,0,100,0,11,89,54,0,0,0,0,0,0,0,0,1,0,,0,,,0,1,0,5,0,0,0,0,0,0,2,2,2,0,-30.2,0,0,,,,,,,,
H2463,64925c1003789576cd7f6078c1d80ff1824e01607e0d6e5ad6da2273bc62230c,hardneg,NO_VICTIM_ACTIVITY,,cape,full,1,8.0,Scarab-Dharma,152,0,,,,0,152,0,0,0,2,0.0,0.0,0,7,0,5,2,54,0,0,0,0,0,0,0,0,1,0,,0,,,0,0,1,3,0,0,0,0,0,0,0,0,4,0,,0,0,,,,,,,,
H2464,65352e5647c773a732a7f3b21f24589e5422d9df7a834040d6c8d73d92ff0ee7,hardneg,TRUE_ENCRYPTION,,cape,full,1,9.0,Scarab-Dharma,265,0,,,,0,265,61,0,0,2,0.23018867924528302,0.0,16,41,0,7,34,54,0,0,0,0,0,0,0,0,1,0,,0,,,0,0,1,3,0,0,0,0,0,0,0,0,4,0,,0,0,,,,,,,,
H2465,be9aaa9f2f3a239ec96cf70754e3b9c81590c8402ecf958258510daa70d82a88,hardneg,NO_VICTIM_ACTIVITY,,cape,full,1,9.0,,498,100,-0.016107674018590087,3.1199836619042713,6.526376151004428,1028,498,18,3,0,46,0.03614457831325301,0.006024096385542169,3,263,3,101,159,59,0,0,0,0,0,0,0,0,1,0,,0,,,0,1,0,36,0,0,0,2,0,0,5,5,151,240,-25.9,2,1,0,0,,0,633.7,2,1,0.284
H2466,506fb5feb389ead983dcf481f9dcaecde37f6cd20a08b0acfa3db61e643287e9,hardneg,TRUE_ENCRYPTION,,cape,full,1,6.0,,43,0,,,,0,43,0,56,0,1,0.0,1.302325581395349,15,23,0,4,19,54,0,0,0,0,0,0,0,0,1,0,,0,,,0,0,1,1,0,0,0,0,0,0,0,0,0,0,,0,0,,,,,,,,
H2467,f127ba1d64d1ebc3a85838ae89eb76cec8f5b12e421992c509a64740766a28d2,hardneg,NO_VICTIM_ACTIVITY,,cape,full,1,6.0,,184,0,,,,26,184,9,2,5,18,0.04891304347826087,0.010869565217391304,3,48,2,21,25,54,0,0,0,0,0,0,0,0,1,0,,0,,,0,0,1,19,0,0,2,2,0,0,3,4,37,8,-39.3,5,2,5,1,192.2,11,108.5,0,1,
H2468,6c7dee8bb45f2a681c42c5dd13469b1bc2e3a458b3ad0809e8e5fd4ec608ec41,hardneg,NO_VICTIM_ACTIVITY,,cape,full,1,8.0,Scarab-Dharma,29,0,,,,0,29,0,0,0,2,0.0,0.0,0,4,0,2,2,54,0,0,0,0,0,0,0,0,1,0,,0,,,0,0,1,2,0,0,0,0,0,0,0,0,0,0,,0,0,,,,,,,,
H2469,1979601e7bb3c66af9dcf46bafec7e90112ee8159ef35568e565c7749d7c8d95,hardneg,TRUE_ENCRYPTION,,cape,full,1,2.0,,180,0,,,,10,180,10,0,0,0,0.05555555555555555,0.0,7,10,2,8,0,59,0,0,3,0,0,0,0,0,1,0,,0,,,0,0,1,0,0,0,0,0,0,0,0,0,0,0,,0,0,,,,,,,,
H2470,12f14b5979b81274ad663b6c07e13da12d013eec821fb0bab1888611f637c903,hardneg,TRUE_ENCRYPTION,,cape,full,1,7.0,,220,0,,,,50,220,50,0,0,0,0.22727272727272727,0.0,16,21,13,8,0,59,0,0,3,0,0,0,0,0,1,0,,0,,,0,0,1,0,0,0,0,0,0,0,0,0,0,0,,0,0,,,,,,,,
H2471,018ecf042dd3fade970450500d6985e7bb7dd9f0c124a4e0d684fe6cbe98b4db,hardneg,TRUE_ENCRYPTION,,cape,full,1,7.0,,265,0,,,,94,265,94,0,0,0,0.35471698113207545,0.0,17,23,16,7,0,59,0,0,3,0,0,0,0,0,1,0,,0,,,0,0,1,0,0,0,0,0,0,0,0,0,0,0,,0,0,,,,,,,,
H2472,1e16b0fbc6b7f1cac618629a8b59e944b77ba8b24aeb9fd1b51ceee8b90c964c,hardneg,TRUE_ENCRYPTION,,cape,full,1,7.0,,265,0,,,,94,265,94,0,0,0,0.35471698113207545,0.0,17,23,15,8,0,59,0,0,3,0,0,0,0,0,1,0,,0,,,0,0,1,0,0,0,0,0,0,0,0,0,0,0,,0,0,,,,,,,,
H2473,e063bf37ba105a3a9fdef90d73f3fc398673ff151741689e76f389b6abc57661,hardneg,TRUE_ENCRYPTION,,cape,full,1,7.0,,263,0,,,,94,263,94,0,0,0,0.3574144486692015,0.0,17,20,14,5,1,59,0,0,3,0,0,0,0,0,1,0,,0,,,0,0,1,0,0,0,0,0,0,0,0,0,0,0,,0,0,,,,,,,,
H2474,6bc6201a0c9a6dafb286410b30f14f15533dbbdb3b4369fbb9d1551ac89e5949,hardneg,NO_VICTIM_ACTIVITY,,cape,full,1,2.0,,626,0,,,,2000,626,0,0,0,0,0.0,0.0,0,76,0,39,37,57,0,0,3,0,0,0,0,0,1,0,,82,0,0,0,0,1,0,0,0,0,0,0,0,0,0,0,0,,0,0,,,,,,,,
H2475,0e2d8531b66d8d7a004a2f583b1d43330e5588983a5f3bf88bd44aa4c2fbaf0d,hardneg,TRUE_ENCRYPTION,,cape,full,1,9.0,,418,0,,,,94,418,94,0,0,7,0.22488038277511962,0.0,17,42,23,13,6,62,0,0,3,0,0,0,0,0,1,0,,0,,,0,0,1,7,2,2,1,0,0,0,0,3,1,1,-78.8,4,3,0,0,,0,22.5,0,0,
