file,verdict,destructive_victim_events,distinct_victim_files,raw_written,raw_deleted,raw_moved,raw_read,raw_copied
avoslocker_0d094770db65ec637489116e1510ee787a48d6d130aad26ae40f7dbca6fe7182.json,TRUE_ENCRYPTION,11,11,5153,8,5164,5159,498
avoslocker_0f22ae8e435cfeb4e527199c9083e7093c79892656eff686d55909e8528493db.json,TRUE_ENCRYPTION,11,11,5146,8,5162,5152,498
avoslocker_43b7a60c0ef8b4af001f45a0c57410b7374b1d75a6811e0dfc86e4d60f503856.json,WEAK_VICTIM_ACTIVITY,1,1,51,0,1,3,0
avoslocker_5d6e4bd7bd7239fab20e043fb292974497297af89759b1b0d48d7d006e5e96fa.json,TRUE_ENCRYPTION,13,13,5141,8,5167,5149,498
avoslocker_6cc510a772d7718c95216eb56a84a96201241b264755f28875e685f06e95e1a2.json,TRUE_ENCRYPTION,31,31,3979,0,3810,3760,0
avoslocker_718810b8eeb682fc70df602d952c0c83e028c5a5bfa44c506756980caf2edebb.json,TRUE_ENCRYPTION,12,12,3748,4,3806,3783,207
avoslocker_84d94c032543e8797a514323b0b8fd8bd69b4183f17351628b13d1464093af2d.json,TRUE_ENCRYPTION,14,14,3765,4,3808,3784,208
avoslocker_bd88d415032eb24091c352fc0732b31116f44a78d9333037bd7608289608d3cd.json,TRUE_ENCRYPTION,27,27,3976,0,3806,3756,0
avoslocker_c0a42741eef72991d9d0ee8b6c0531fc19151457a8b59bdcf7b6373d1fe56e02.json,TRUE_ENCRYPTION,26,26,915,0,2009,813,0
avoslocker_f810deb1ba171cea5b595c6d3f816127fb182833f7a08a98de93226d4f6a336f.json,TRUE_ENCRYPTION,14,14,3754,4,5371,3784,511
avoslocker_f8e99bbacc62b0f72aa12f5f92e35607fa0382a881fe4a4b9476fc6b87a03c78.json,TRUE_ENCRYPTION,11,11,4307,1,5687,4307,526
avoslocker_fb544e1f74ce02937c3a3657be8d125d5953996115f65697b7d39e237020706f.json,WEAK_VICTIM_ACTIVITY,1,1,73,0,75,3,0
babuk_00fdeee2f48cc21a5b3da49aacda35513a98d671c8309557b37a378ed57c63bd.json,NO_VICTIM_ACTIVITY,0,0,206,0,207,197,0
babuk_06d370217abec9468bc22c30ba3be72b8de1a7459f9e927656dcf2613a314bf6.json,NO_VICTIM_ACTIVITY,0,0,29,0,21,1,0
babuk_08565f345878369fdbbcf4a064d9f4762f4549f67d1e2aa3907a112a5e5322b6.json,NO_VICTIM_ACTIVITY,0,0,0,0,0,7,0
babuk_0f98451555e629138b763a3326575b0d0cdf61acf19da0c5af19da0e80d5e6c2.json,TRUE_ENCRYPTION,59,59,2,900,0,3,0
babuk_105af5c40c65f51979308e022c25dd285db3cd20e9656caaba0e9b1fc253898b.json,NO_VICTIM_ACTIVITY,0,0,0,0,0,0,0
babuk_13ccf6c512823f7d30f14d06fd50e00bce8dd03ca331dd5c5d9fee64c340c92d.json,NO_VICTIM_ACTIVITY,0,0,0,0,0,0,0
babuk_18e299d4331ccff805275b21f33be0a3bd3d1d9ce72a79ba78d2f32dd657bfbb.json,NO_VICTIM_ACTIVITY,0,0,25,0,24,19,0
babuk_1d28c4c85e241efbbe326051999b9a8e1d8eeb9a3322da5cb9a93c31c65bbb49.json,NO_VICTIM_ACTIVITY,0,0,253,1,253,253,1
babuk_1d5f8c4e2cb635bb5cfb001dfd0db882b9eeea700f04a6b9cb1a934667b85368.json,NO_VICTIM_ACTIVITY,0,0,253,1,253,253,1
babuk_1deb1efad2c469198aabbb618285e2229052273cf654ee5925c2540ded224402.json,NO_VICTIM_ACTIVITY,0,0,157,0,155,148,0
babuk_1f2edda243404918b78aa6123aa1fc5b18dd9506e4042c7a1547b565334527e1.json,NO_VICTIM_ACTIVITY,0,0,201,0,202,194,0
babuk_2138c8a34a1eff40ba3fc81b6e3b7564c6b695b140e82f3fcf23b2ec2bf291cf.json,NO_VICTIM_ACTIVITY,0,0,167,0,164,157,0
babuk_245e191bfe998ad9ef2d6b169af22f3c290e9950234f8ddd0f4a03cb3eebf761.json,NO_VICTIM_ACTIVITY,0,0,387,0,388,380,0
babuk_25835a890a218fd26bfd8b23696576402b5eb8a4c9af4a51529e14c4f00a9cce.json,NO_VICTIM_ACTIVITY,0,0,126,0,124,116,0
babuk_297d7c05a7f428d21f35d7eb097376ebb34f846e82532c6cc88373ec48975d66.json,NO_VICTIM_ACTIVITY,0,0,0,0,0,0,0
babuk_2bf730fe355eb8301a064b1fb368abff003e59357ee8e68b473767b41f7e9bc5.json,NO_VICTIM_ACTIVITY,0,0,7,3,0,5,0
babuk_30fcff7add11ea6685a233c8ce1fc30abe67044630524a6eb363573a4a9f88b8.json,NO_VICTIM_ACTIVITY,0,0,29,0,13,1,0
babuk_317f2856e6c1c3b88567deb564e681e83cc65e08d412d7ae9db3f04d70e304a0.json,TRUE_ENCRYPTION,12,12,23,0,18,25,0
babuk_32f8bb15e0cf8c8988ec4dfe9486291eabf401bfb919598ab850199cc4afea75.json,NO_VICTIM_ACTIVITY,0,0,6,3,0,4,0
babuk_341061776f03453e20f9e7eb3d91ff7b7842ec1322aab5d0dae4fba7c3d89eef.json,NO_VICTIM_ACTIVITY,0,0,1,3,0,2,0
babuk_391cfcd153881743556f76de7bbca5b19857f8b69a6f6f6dfde6fd9b06c17f5e.json,NO_VICTIM_ACTIVITY,0,0,1753,0,1718,1699,0
babuk_393a7a313548a4edc025fb47c6c8e614ecc2b41db880ecb59f20cf238e9a864c.json,NO_VICTIM_ACTIVITY,0,0,0,0,0,0,0
babuk_3dda3ee9164d6815a18a2c23651a53c35d52e3a5ad375001ec824cf532c202e6.json,TRUE_ENCRYPTION,59,59,4336,0,4115,4039,0
babuk_499e43933c5ee3bb730417e07d74c93a5f7d7dee05db31714e09dffeb7e3c285.json,NO_VICTIM_ACTIVITY,0,0,2321,0,2282,2249,0
babuk_508a579ec458c954c0aa9d3411ce9e6fac8bff91ad269d4a414e192b464af2d1.json,NO_VICTIM_ACTIVITY,0,0,2626,0,2552,2529,0
babuk_51c86805e6350412f78a21f197aa00b4c9d4484118dd0261bd03e8539109f569.json,NO_VICTIM_ACTIVITY,0,0,89,0,93,82,0
babuk_54c82ad27174fd6ed72793b1ccf9d26613eb572960e847a63538420c69d06c5b.json,NO_VICTIM_ACTIVITY,0,0,476,0,472,464,0
babuk_550771bbf8a3e5625d6ec76d70ed86f6e443f07ce80ff73e47f8249ddd72a8cf.json,NO_VICTIM_ACTIVITY,0,0,33,0,15,3,0
babuk_56b7e6dd46e38a30ead82790947a425661ad893f54060381c9b76616c27d3b9f.json,NO_VICTIM_ACTIVITY,0,0,1,5,0,25,0
babuk_575c7b60f3b1dfc3cdd42e868b88df19cef81a5577254a314dc7d1da0fd64cfb.json,NO_VICTIM_ACTIVITY,0,0,201,0,200,193,0
babuk_58ccba4fb2b3ed8b5f92adddd6ee331a6afdedfc755145e0432a7cb324c28053.json,NO_VICTIM_ACTIVITY,0,0,3821,0,3706,3682,0
babuk_6103e26f6f9d5fd895d9c06e1f5e141ce74d8ebda999cda6a58a4393de5ed094.json,NO_VICTIM_ACTIVITY,0,0,284,0,284,274,0
babuk_678bfbf5d73d6cf38532e11b11dbed17668d94711e2e2ea27311dd46490201b7.json,NO_VICTIM_ACTIVITY,0,0,216,0,215,205,0
babuk_6d4ced2e85587e81d6a09b147ec7cccc054bc0fbb92afc39586de1b2bf57f812.json,NO_VICTIM_ACTIVITY,0,0,293,0,293,284,0
babuk_704a0fa7de19564bc743fb68aa0652e38bf86e8ab694bc079b15f945c85f4320.json,NO_VICTIM_ACTIVITY,0,0,30,0,15,1,0
babuk_71936bc3ee40c7ea678889d2ad5fa7eb39401752cd58988ce462f9d4048578ac.json,NO_VICTIM_ACTIVITY,0,0,0,0,0,0,0
babuk_752d66990097c8be7760d8d6011b1e91daa1d5518951d86f9fdf3d126d54872a.json,NO_VICTIM_ACTIVITY,0,0,7,3,0,5,0
babuk_77c7839c7e8d4aaf52e33a2f29db8459381b5cc3b2700072305a8bae5e0762a9.json,NO_VICTIM_ACTIVITY,0,0,270,0,268,259,0
babuk_80c58ad933073630a37ad8d78739807b1f4b6f5f65900c59c8424b5df11c632b.json,NO_VICTIM_ACTIVITY,0,0,196,0,195,187,0
babuk_81e7942a1f32fb18e37cf622c5a24b7c54c4792549363fddf9a3a9095a07f23e.json,TRUE_ENCRYPTION,59,59,2,840,0,3,0
babuk_8203c2f00ecd3ae960cb3247a7d7bfb35e55c38939607c85dbdb5c92f0495fa9.json,NO_VICTIM_ACTIVITY,0,0,33,0,15,3,0
babuk_9a089790e04683ebf37d9746e0284322f59c46eef2a86cc231839482f323e871.json,NO_VICTIM_ACTIVITY,0,0,1623,0,1591,1564,0
babuk_9f7d6949fd359dce79d3233eb80101ff706a35de5308543b0488450c19eba0f0.json,NO_VICTIM_ACTIVITY,0,0,535,0,529,529,0
babuk_a2b5ebfc52a447cde255e1ec1ac8797ad49b156ed427df8c292d6aeb4dad5523.json,NO_VICTIM_ACTIVITY,0,0,455,0,446,436,0
babuk_a52267dc795a51404cbf2a7e8e7875929783bcc62abd6b7cfd1921c938cf2756.json,NO_VICTIM_ACTIVITY,0,0,532,0,519,517,0
babuk_ab4eae618bb05b4fb4a8d3790a0d18a3e1566ab477519991cb161398803a8847.json,NO_VICTIM_ACTIVITY,0,0,3643,0,3532,3508,0
babuk_ab8eee432fa636360b3c6724fe6851e9cf8eeae1ee9da6fc576bee1cd5d7fad2.json,NO_VICTIM_ACTIVITY,0,0,23,0,16,15,0
babuk_ae6020a06d2a95cbe91b439f4433e87d198547dec629ab0900ccfe17e729cff1.json,NO_VICTIM_ACTIVITY,0,0,252,0,252,245,0
babuk_afcf265a1dcd9eab5aab270d48aa561e4ddeb71c05e32c857d3b809bb64c0430.json,NO_VICTIM_ACTIVITY,0,0,30,0,14,1,0
babuk_b4be6b8acda97f36c448365751d5c9a9e1b91f47cedfde79e1de258413c3de71.json,NO_VICTIM_ACTIVITY,0,0,236,0,234,227,0
babuk_b4ecf72fa4af827c32bbc16c05597dbc1216c2fb0b9c2fdff757300e9ab20cef.json,NO_VICTIM_ACTIVITY,0,0,2,2,0,5,0
babuk_bb31f235e86b0fda185e6580ef5327f80d6a6c754f78499e8647de5e229769cc.json,NO_VICTIM_ACTIVITY,0,0,285,0,277,268,0
babuk_c4282e9040cdc1df92b722568a8b4c42ce9f6533fed0bd34b7fdbae264947784.json,NO_VICTIM_ACTIVITY,0,0,163,0,159,152,0
babuk_c94a81fdf688d220827320e88cc0b89af8690142abe5c602131b6659297c7d24.json,NO_VICTIM_ACTIVITY,0,0,0,0,0,0,0
babuk_ca0d9c8e8b2ed05fcf10178e1d194f5e484892dbe59ede4ae9549d27a5c8fd75.json,NO_VICTIM_ACTIVITY,0,0,28,0,28,20,0
babuk_cbdc8fd073176c4e0328aff65147f37e5d46847de62508e7a3cf12f49a40b799.json,NO_VICTIM_ACTIVITY,0,0,0,0,0,0,0
babuk_d9d01bff3bf98b37793eb9d74e713cc340b7d9ad40d0c6437f422c41fca73364.json,WEAK_VICTIM_ACTIVITY,1,1,3,0,1,2,0
babuk_e08f17b42e47bf973bf866f167a49b931b99fe1b50bc820078ac2644bd8c209c.json,NO_VICTIM_ACTIVITY,0,0,320,0,317,310,0
babuk_eb180fcc43380b15013d9fe42e658fc6f6c32cf23426ef10b89bc6548d40523b.json,NO_VICTIM_ACTIVITY,0,0,122,0,119,112,0
babuk_ed0f154481261e9a08dcc4f7e4d396bce75526811216106daa70d4148c660d76.json,NO_VICTIM_ACTIVITY,0,0,0,0,0,0,0
babuk_f1719415abe4dcba0daef0a1e5c8994d1d3c0c659d3e0a11b34f307370dd8683.json,NO_VICTIM_ACTIVITY,0,0,226,0,224,216,0
babuk_f4c2169dab08ca0aa12fe0e35a0424b6de1396b719a3eb34c3f7ce205a99dd46.json,NO_VICTIM_ACTIVITY,0,0,0,0,0,0,0
babuk_f8cfcd21368ff8d8590000adf0b18d03aa49364a344bffeed9a8f32d5af1148f.json,NO_VICTIM_ACTIVITY,0,0,2600,0,2525,2504,0
blackbasta_15abbff9fbce7f5782c1654775938dcd2ce0a8ebd683a008547f8a4e421888c4.json,WEAK_VICTIM_ACTIVITY,1,2,148,0,26,72,0
blackbasta_1898224a5535bd34d7afa62b569e1044286e190136c867dd12ba7a57b4971c59.json,NO_VICTIM_ACTIVITY,0,0,0,0,0,0,0
blackbasta_449d87ca461823bb85c18102605e23997012b522c4272465092e923802a745e9.json,WEAK_VICTIM_ACTIVITY,1,2,280,0,130,181,0
blackbasta_5004f5b0b01af964abc22690ae3ad736d154ba8c0267956cd1776f43f82758d1.json,NO_VICTIM_ACTIVITY,0,0,0,0,0,0,0
blackbasta_5d2204f3a20e163120f52a2e3595db19890050b2faa96c6cba6b094b0a52b0aa.json,NO_VICTIM_ACTIVITY,0,0,0,0,0,0,0
blackbasta_9a55f55886285eef7ffabdd55c0232d1458175b1d868c03d3e304ce7d98980bc.json,WEAK_VICTIM_ACTIVITY,1,2,157,0,30,72,0
blackbasta_a5a53aad71dbbef65b78ace28d114f668dc299bb14bcd8b9224787f3dab0c7f2.json,NO_VICTIM_ACTIVITY,0,0,9,1,0,20,1
blackbasta_cce74c82a718be7484abf7c51011793f2717cfb2068c92aa35416a93cbd13cfa.json,NO_VICTIM_ACTIVITY,0,1,1,0,0,42,0
blackbasta_cf1256ae391410f7ebc785d180eb03ff36135cf8f9051b6d8c803386abdafb78.json,NO_VICTIM_ACTIVITY,0,0,2,2,0,5,0
blackbasta_d943a4aabd76582218fd1a9a0a77b2f6a6715b198f9994f0feae6f249b40fdf9.json,NO_VICTIM_ACTIVITY,0,0,0,0,0,0,0
blackbyte_1df11bc19aa52b623bdf15380e3fded56d8eb6fb7b53a2240779864b1a6474ad.json,NO_VICTIM_ACTIVITY,0,0,0,0,0,0,0
blackbyte_388163c9ec1458c779849db891e17efb16a941ca598c4c3ac3a50a77086beb69.json,NO_VICTIM_ACTIVITY,0,0,0,0,0,0,0
blackbyte_3de8fe5cee8180e93697e4ddca87e721910b9dd922de849cab7b1b3a50e54a00.json,NO_VICTIM_ACTIVITY,0,0,0,0,0,0,0
blackbyte_40fc98721dfc556e507f99f95878a5afbbabd108663ac401198b77ef8d08d7d0.json,NO_VICTIM_ACTIVITY,0,0,0,0,0,0,0
blackbyte_44a5e78fce5455579123af23665262b10165ac710a9f7538b764af76d7771550.json,NO_VICTIM_ACTIVITY,0,0,0,0,0,0,0
blackbyte_5351e351657dc02906bfca751b6e443996f0c9c5bfb38c5e6b83825885cfd02e.json,NO_VICTIM_ACTIVITY,0,0,0,0,0,0,0
blackbyte_545eee18d387e70c68afc9701432766b0376dc9bc1eace031f5df69ec72f0cd8.json,NO_VICTIM_ACTIVITY,0,0,0,0,0,0,0
blackbyte_6f36a4a1364cfb063a0463d9e1287248700ccf1e0d8e280e034b02cf3db3c442.json,NO_VICTIM_ACTIVITY,0,0,0,0,0,0,0
blackbyte_829751cfdc2376e916244f94baf839ce4491ccb75f0a89778c092bde79bd8643.json,NO_VICTIM_ACTIVITY,0,0,0,0,0,1,0
blackbyte_884e96a75dc568075e845ccac2d4b4ccec68017e6ef258c7c03da8c88a597534.json,NO_VICTIM_ACTIVITY,0,1,2,1,0,18,1
blackbyte_938a0841b643da4d0e04848b04b7f735c64e05ce45b5118618c6af685d651f08.json,NO_VICTIM_ACTIVITY,0,0,0,0,0,0,0
blackbyte_c22a6401a415fe642f3d96f38a887dd8ad23dd83a9255ee89d9adf4650ab98da.json,NO_VICTIM_ACTIVITY,0,0,0,0,0,2,0
blackbyte_cf123571fca3661bf5778881901f91b1a8720a4e57c021eae100077388a54d9b.json,NO_VICTIM_ACTIVITY,0,0,0,0,0,0,0
blackbyte_f7cbd236b18890f799d9fc3ecd264c9ecd3c9681f31c2ba5e8c27b3e4ea13d51.json,NO_VICTIM_ACTIVITY,0,0,0,0,0,0,0
blackcat_0b80b497370f99697e74c7cef81ef4ba42a436ff52e6a5af031a8e615a937555.json,NO_VICTIM_ACTIVITY,0,0,0,0,0,0,0
blackcat_1048a41107f4d9a68c1f5fc0b99ac75dc198047f18bb6e50f3d462f262b8f6cd.json,NO_VICTIM_ACTIVITY,0,0,0,0,0,0,0
blackcat_12138a12e35563461860d8c39d80e7cbf80aced9a3f197bf7e6a452a70e07048.json,NO_VICTIM_ACTIVITY,0,0,0,0,0,0,0
blackcat_133e003cc510e3d2d0c7df70a603448605641256c88ce64a3bcabb762295d622.json,NO_VICTIM_ACTIVITY,0,0,2,4,0,41,0
blackcat_1a2451818ab732456097ffed51ed506febb01ed15e401b975b6802ff96a02013.json,NO_VICTIM_ACTIVITY,0,0,0,0,0,0,0
blackcat_1b90e6f959db883fb4a036dac06242be724a7637708058e2c439e2250222d6d1.json,NO_VICTIM_ACTIVITY,0,0,0,0,0,1,0
blackcat_1e8696116c400742d13d6dfcad676badee68eac4a42a0693556f5dcfa82d0a46.json,NO_VICTIM_ACTIVITY,0,0,0,0,0,0,0
blackcat_214ea9347df948e515af3f0ed446722e36f011e8cd34a221eb6e506269b955f3.json,NO_VICTIM_ACTIVITY,0,0,0,0,0,0,0
blackcat_317f2856e6c1c3b88567deb564e681e83cc65e08d412d7ae9db3f04d70e304a0.json,TRUE_ENCRYPTION,12,12,23,0,18,25,0
blackcat_382da46b770736639b495071c4c5a0b139eb486583b7b9548274ce6e4f663cb8.json,NO_VICTIM_ACTIVITY,0,0,0,0,0,0,0
blackcat_3850817e83a1cf4195920110bb2995a0386fdaeacbf81e13f52bdb3d124911f5.json,NO_VICTIM_ACTIVITY,0,0,0,0,0,0,0
blackcat_3a96c3075b8494fe6a76c6325946ab3f200e75ce26ad886446ea1394b5ac6ba1.json,NO_VICTIM_ACTIVITY,0,0,0,0,0,0,0
blackcat_3b18241ac1018db1c2fb5c9e8306490bcafb373c852f1c5ebae65c672632a620.json,NO_VICTIM_ACTIVITY,0,0,0,0,0,0,0
blackcat_3de2a56cc13e85bc214d583dbd101857a129b796dae0c499fb5045a1508231ef.json,NO_VICTIM_ACTIVITY,0,0,0,0,0,0,0
blackcat_3ed830b0803b63aca0a82661475c863801afd2e2b03c2675b05019d55f25a1f4.json,NO_VICTIM_ACTIVITY,0,0,0,0,0,0,0
blackcat_45b8678f74d29c87e2d06410245ab6c2762b76190594cafc9543fb9db90f3d4f.json,NO_VICTIM_ACTIVITY,0,0,3,4,0,42,0
blackcat_4fea41b61b2bd700fc6613c18c05aeb4df37bcbe777868081b0ed1076ee7aacb.json,NO_VICTIM_ACTIVITY,0,0,0,0,0,0,0
blackcat_5121f08cf8614a65d7a86c2f462c0694c132e2877a7f54ab7fcefd7ee5235a42.json,NO_VICTIM_ACTIVITY,0,0,3,4,0,42,0
blackcat_5165cd61158a14ba2f90c275d29d8271b1f0c5669ebcdc620edd86ee90474dbc.json,NO_VICTIM_ACTIVITY,0,0,0,0,0,0,0
blackcat_59868f4b346bd401e067380cac69080709c86e06fae219bfb5bc17605a71ab3f.json,NO_VICTIM_ACTIVITY,0,0,0,0,0,0,0
blackcat_5a604a8f0e72f3bf7901b7b67f881031a402ab8072269c00233a554df548f54d.json,NO_VICTIM_ACTIVITY,0,0,0,0,0,0,0
blackcat_5b6a9081d7742747a08d04a8f3dff31de71c4811b3b892e4b0f282780e60d741.json,NO_VICTIM_ACTIVITY,0,0,0,0,0,0,0
blackcat_655abd0b5067ec53b25ea387c9aebe0fbafd5209e53bc7447c7d7425cb76b175.json,NO_VICTIM_ACTIVITY,0,0,0,0,0,0,0
blackcat_6660d0e87a142ab1bde4521d9c6f5e148490b05a57c71122e28280b35452e896.json,NO_VICTIM_ACTIVITY,0,0,0,0,0,0,0
blackcat_67d1f4077e929385cfd869bf279892bf10a2c8f0af4119e4bc15a2add9461fec.json,NO_VICTIM_ACTIVITY,0,0,0,0,0,0,0
blackcat_69417ec104c1dd07e5067110d6e7f3c643c534d14db65a704bc0c14c223c3001.json,NO_VICTIM_ACTIVITY,0,0,3,4,0,48,0
blackcat_6cf6f96b03b4dbda980cb832f93081fef05ac0516d5a4c0d7a821fc2f63815ec.json,NO_VICTIM_ACTIVITY,0,0,0,0,0,0,0
blackcat_6dd995d896a9a593b2c48d09da60bd83866d8577273f36d38788d83ad8173e68.json,NO_VICTIM_ACTIVITY,0,0,0,0,0,0,0
blackcat_731adcf2d7fb61a8335e23dbee2436249e5d5753977ec465754c6b699e9bf161.json,NO_VICTIM_ACTIVITY,0,0,0,0,0,0,0
blackcat_7b2449bb8be1b37a9d580c2592a67a759a3116fe640041d0f36dc93ca3db4487.json,NO_VICTIM_ACTIVITY,0,0,0,0,0,0,0
blackcat_7bb383b31d1b415bc067e612203cc6bda53e914f7ca5291299e92f59d47cabf8.json,NO_VICTIM_ACTIVITY,0,0,0,0,0,0,0
blackcat_7d8671c91a02bfbff8b89a76501b9be017a66a8bba624ed4fe2c7f81b9380ac9.json,NO_VICTIM_ACTIVITY,0,0,0,4,0,1,0
blackcat_7e363b5f1ba373782261713fa99e8bbc35ddda97e48799c4eb28f17989da8d8e.json,NO_VICTIM_ACTIVITY,0,0,0,0,0,0,0
blackcat_8150e139d99620257a4725dbb359558bc25be00eddf0dc2e326bceb11730d676.json,NO_VICTIM_ACTIVITY,0,0,0,0,0,0,0
blackcat_82479ba19531a5b3f108f21f939190de2073395a708bb4446d6acc398518b802.json,NO_VICTIM_ACTIVITY,0,0,0,0,0,0,0
blackcat_847fb7609f53ed334d5affbb07256c21cb5e6f68b1cc14004f5502d714d2a456.json,NO_VICTIM_ACTIVITY,0,0,0,0,0,0,0
blackcat_86ccc74375405ef5a86bb26071ec345d3d800438d1e0caa4a6d0cb43bd8562df.json,NO_VICTIM_ACTIVITY,0,0,0,0,0,0,0
blackcat_873f294f8da4617ebb96d43ea4d19f3f106033ff6b6cd0f042fab812c0ed5802.json,NO_VICTIM_ACTIVITY,0,0,0,0,0,0,0
blackcat_87a14583b72250a660b74f1e475a268f95285820d72fbd5115f1b8c6ec787a9a.json,NO_VICTIM_ACTIVITY,0,0,0,0,0,0,0
blackcat_8a22a91c931ac80ca91cf91fef678c4bee00e3eb5ad24f209bc8595e012ba5b0.json,NO_VICTIM_ACTIVITY,0,0,0,0,0,0,0
blackcat_8dc43793450f2c7f5953e0eb912356113346b6afd48f9400a26c35cdf0ffdd07.json,NO_VICTIM_ACTIVITY,0,0,1,0,0,1,0
blackcat_8ee191b51b853addc862307c8f641bd251a8b7dd88263d228453bb06882f2464.json,NO_VICTIM_ACTIVITY,0,0,1,0,0,1,0
blackcat_942946c6ae139b1f1efc91262f91034542eb75b80c3c66c10d69dda014d706d6.json,NO_VICTIM_ACTIVITY,0,0,0,0,0,0,0
blackcat_94e56379b7a31b01cf826076a74fc4ddb7f86f7991a6f58300f28712d484aa33.json,NO_VICTIM_ACTIVITY,0,0,0,0,0,0,0
blackcat_98436725de8ce25ac7a3155f56b9d622fa4dd800ae581d7dd9f22bc1b7887525.json,NO_VICTIM_ACTIVITY,0,0,0,0,0,0,0
blackcat_99c71640bc985654db23b81ecb00e4d0cc160a25e1c58b6a90e379a559ea3440.json,NO_VICTIM_ACTIVITY,0,0,0,0,0,0,0
blackcat_99d09068ac1b9d6db4f8bcff698ffff8e112a506c0f01afff460c5a3b1393ef8.json,NO_VICTIM_ACTIVITY,0,0,0,0,0,0,0
blackcat_9fb1067dd3edf3d517517e9c191f3f07067bf30aa034a36ebf6543d83cea5ec1.json,NO_VICTIM_ACTIVITY,0,0,0,0,0,0,0
blackcat_a15f278540238f0308608e76a76c01c60e04f5e5bbe9ffce5455f2e965574a12.json,NO_VICTIM_ACTIVITY,0,0,0,0,0,0,0
blackcat_acf8884a4bfb9ebfe99ed607c4f1cf625cd705ac4317c092ef6dcca3d47027aa.json,NO_VICTIM_ACTIVITY,0,0,0,0,0,0,0
blackcat_bb6b249336cd7001b1c55d3724b5e35a150e752ed795c36e0d5dcba00eedb62a.json,NO_VICTIM_ACTIVITY,0,0,0,0,0,0,0
blackcat_bd4e603e953d8c7803f3c7d72cd7197d996ab80ce80b9da96a4df7d10969bb55.json,NO_VICTIM_ACTIVITY,0,0,0,0,0,0,0
blackcat_c72ff0fb83a92ac66e9b5f2affabee37807a7b3995bb45aa12d9f3cee967f839.json,NO_VICTIM_ACTIVITY,0,0,0,0,0,0,0
blackcat_e55cc3426298f9f848849304d10b9222925eb19caebaebaa44dfb85ad2346062.json,NO_VICTIM_ACTIVITY,0,0,0,0,0,0,0
blackcat_e88795f5be1970400521e0041c4603c62ff681f24ac75f926d524d092eecb6ee.json,NO_VICTIM_ACTIVITY,0,0,0,0,0,0,0
bluesky_1a5dda44814691757ef652e3e89f32a190c651bceab7a7c72752e42556d00f07.json,NO_VICTIM_ACTIVITY,0,0,2,4,0,26,0
bluesky_2280898cb29faf1785e782596d8029cb471537ec38352e5c17cc263f1f52b8ef.json,NO_VICTIM_ACTIVITY,0,0,0,0,0,0,0
bluesky_3e035f2d7d30869ce53171ef5a0f761bfb9c14d94d9fe6da385e20b8d96dc2fb.json,NO_VICTIM_ACTIVITY,0,0,0,0,0,0,0
bluesky_840af927adbfdeb7070e1cf73ed195cf48c8d5f35b6de12f58b73898d7056d3d.json,NO_VICTIM_ACTIVITY,0,0,0,0,0,0,0
bluesky_b39fcf37d9019cc92127ee82c03df5e37aa8238cd76cc6eca2e3d1e7e977fc26.json,NO_VICTIM_ACTIVITY,0,0,0,0,0,0,0
bluesky_b5b105751a2bf965a6b78eeff100fe4c75282ad6f37f98b9adcd15d8c64283ec.json,NO_VICTIM_ACTIVITY,0,0,0,0,0,0,0
bluesky_c75748dc544629a8a5d08c0d8ba7fda3508a3efdaed905ad800ffddbc8d3b8df.json,NO_VICTIM_ACTIVITY,0,0,0,0,0,0,0
bluesky_d6386b2747335f7b0d13b1f69d995944ad8e9b71e09b036dbc0b907e583d857a.json,NO_VICTIM_ACTIVITY,0,0,0,0,0,0,0
bluesky_e75717be1633b5e3602827dc3b5788ff691dd325b0eddd2d0d9ddcee29de364f.json,NO_VICTIM_ACTIVITY,0,0,0,0,0,0,0
clop_15f9ed36d9efc6e570b4f506791ce2c6a849853e2f6d587f30fb12d39dba2649.json,NO_VICTIM_ACTIVITY,0,0,0,0,0,0,0
clop_220c50ccf6a9d9727e9f442df42469f027d9f7a2ea833319971746280023bb0c.json,NO_VICTIM_ACTIVITY,0,0,0,0,0,0,0
clop_389e03b1a1fd1c527d48df74d3c26a0483a5b105f36841193172f1ee80e62c1b.json,NO_VICTIM_ACTIVITY,0,0,0,0,0,0,0
clop_3d94c4a92382c5c45062d8ea0517be4011be8ba42e9c9a614a99327d0ebdf05b.json,NO_VICTIM_ACTIVITY,0,0,0,0,0,0,0
clop_ae355c321f1fe36c9539457301a3cf5d8babc58c72a3f6a5ef160253b4002b1a.json,NO_VICTIM_ACTIVITY,0,0,0,0,0,1,0
clop_e805dd0124b9f062f6b5bc9de627eabc601b9d6e8ffe1d90ee552a1ece598a89.json,NO_VICTIM_ACTIVITY,0,0,0,0,0,0,0
conti_004ede55a972e10d9a21bcf338b4907d6eed65bf5ad6abbbd5aec7d8484bdedf.json,NO_VICTIM_ACTIVITY,0,0,0,0,0,0,0
conti_03b9c7a3b73f15dfc2dcb0b74f3e971fdda7d1d1e2010c6d1861043f90a2fecd.json,NO_VICTIM_ACTIVITY,0,0,0,0,0,0,0
conti_05bbf1c653825b757ee73b59df45410070a28841819362462162d9547adb3d5a.json,NO_VICTIM_ACTIVITY,0,0,0,0,0,0,0
conti_0dcbc979c995eeec6e76fa87dfc301228d230101b9acecba53289c1c085eadb1.json,NO_VICTIM_ACTIVITY,0,1,39,0,0,85,0
conti_1ce8a939b3e7d84c59c12dc9e1091532f4336dac533847b6533b01d9dcf494e9.json,NO_VICTIM_ACTIVITY,0,0,34,0,15,16,0
conti_1dea453e5344898c9a66309bd6d1cf6e21c56eb1427c026aac84b14a6b23f7fc.json,NO_VICTIM_ACTIVITY,0,0,0,0,0,1,0
conti_2586026617b117506dfe326f50e45476ce765a74fe48c8650d32980a4dfe5ee9.json,NO_VICTIM_ACTIVITY,0,0,0,0,0,1,0
conti_2afea8912f1b7afa3a4348ef4e027f7a46f4a2ade824196265ea1ac952e172b3.json,NO_VICTIM_ACTIVITY,0,0,0,0,0,1,0
conti_2d33ac8fce0592ef88bdeeee00e840c41a5a8fccc85c67316b74cc06c13ba0c5.json,NO_VICTIM_ACTIVITY,0,0,0,0,0,1,0
conti_317f2856e6c1c3b88567deb564e681e83cc65e08d412d7ae9db3f04d70e304a0.json,NO_VICTIM_ACTIVITY,0,0,0,0,1,9,0
conti_3cd91569a21a59a71582397b762633808e0b413c78210ee48cefcffede66f356.json,NO_VICTIM_ACTIVITY,0,0,0,0,0,1,0
conti_3db6e8df73f12b6a9fa9adb6ad87b017d530a9d736909338042735ed00a9463b.json,NO_VICTIM_ACTIVITY,0,0,0,0,0,0,0
conti_3e035f2d7d30869ce53171ef5a0f761bfb9c14d94d9fe6da385e20b8d96dc2fb.json,NO_VICTIM_ACTIVITY,0,0,0,0,0,0,0
conti_41324493142b10db127217274e21df37f6ccd13f01a8d29d2b23b7b1463423a7.json,NO_VICTIM_ACTIVITY,0,0,0,0,0,1,0
conti_4bfd58d4e4a6fe5e91b408bc190a24d352124902085f9c2da948ad7d79b72618.json,NO_VICTIM_ACTIVITY,0,0,34,0,15,16,0
conti_4d8fcd9492a256c0cb9567e63b53b75c2a591f5eebe7293298239736034b742a.json,NO_VICTIM_ACTIVITY,0,0,34,0,15,16,0
conti_4f17d7fa344b970890ed1bc52a0da95146cab9fe56ecabafafacb0ad212558c9.json,NO_VICTIM_ACTIVITY,0,0,34,0,15,16,0
conti_4f4a33f70099855f5f503716515f388da3a5daa1e2fac59ec6c881e89ef7d072.json,NO_VICTIM_ACTIVITY,0,0,0,0,0,0,0
conti_5d4350bcfecb0746c8aebf6f31052ea95b1901d558e27215bb0197e50f3b9e5c.json,NO_VICTIM_ACTIVITY,0,0,0,0,0,1,0
conti_5fe77db174a5206b5387e2b86255bd008966b44632925351d9b3983438004eb1.json,NO_VICTIM_ACTIVITY,0,0,0,0,0,0,0
conti_6c2b5abc372e31cd7f8da045400abc0b10149f4f7b7def48a6bf9d0071f805d2.json,NO_VICTIM_ACTIVITY,0,0,0,0,0,0,0
conti_6f7043b24d9b4c30006781402f0cef2543c8f3e9087d79f6bcff43b1418ad21d.json,NO_VICTIM_ACTIVITY,0,0,0,0,0,0,0
conti_7bb4e30a5272731a9b846b4274aa84662026814b0d610c0c115158be1cd23332.json,NO_VICTIM_ACTIVITY,0,0,0,0,0,1,0
conti_7c1f7301e0564fff94345804c53da597ab4749c31bbff3f1c8d0786fabc4b4b5.json,NO_VICTIM_ACTIVITY,0,0,0,0,0,1,0
conti_7ca57576c6a2d7dbf49faeafd4804c6b86d9af7fff1390c58a30eb9d9bf2fbfd.json,NO_VICTIM_ACTIVITY,0,0,0,0,0,0,0
conti_7f6421cdf6355edfdcbddadd26bcdfbf984def301df3c6c03d71af8e30bb781f.json,NO_VICTIM_ACTIVITY,0,0,0,0,0,0,0
conti_7f6dbd9fa0cb7ba2487464c824b6d7e16ace9d4cd15e4452df4c9a9fd6bd1907.json,NO_VICTIM_ACTIVITY,0,0,0,0,0,0,0
conti_7f9d02ceaf4daa901fbb59648e599a381afd93bcba1b88fb6b345949b3479eb3.json,NO_VICTIM_ACTIVITY,0,0,0,0,0,0,0
conti_a05c8129e607c6d0976d79f69c6a020d15767a9ef3a9c9f1570c5193a7b5b76b.json,NO_VICTIM_ACTIVITY,0,0,0,0,0,0,0
conti_a136190624eaf67e798d4463dc19411006385efc50ab51ccd93a2fbcd8e7d72a.json,NO_VICTIM_ACTIVITY,0,0,2,2,0,5,0
conti_a47d7ff36064cab056d56dca4c466b4e98b331e4aed1d7aee2790cb9a94b1793.json,NO_VICTIM_ACTIVITY,0,0,0,0,0,0,0
conti_a5751a46768149c5ddf318fd75afc66b3db28a5b76254ee0d6ae27b21712e266.json,NO_VICTIM_ACTIVITY,0,0,0,0,0,0,0
conti_a79dcac3753c055d7b46b5ffa27b1b4bb55516180966f20a2878698b81638137.json,NO_VICTIM_ACTIVITY,0,0,0,0,0,1,0
conti_aacd1be17ca3aaca13d0c9f0366bcb28bdccd621cbde2f38b4a33321cba8a7df.json,NO_VICTIM_ACTIVITY,0,0,34,0,15,16,0
conti_af1408a4d276842bea2ff1528fc1d2b93889a1fc4a91c6594fc27af325120da8.json,NO_VICTIM_ACTIVITY,0,0,0,0,0,1,0
conti_b14cde376a8a7a9d7ad34cdfd07108c132ad8be7f60c5c0a0f17b6b63eb28b49.json,NO_VICTIM_ACTIVITY,0,0,0,0,0,0,0
conti_b2d3143d0778a10d5d03bb9e4d2712a980e2a8ec12d47958a8ab4b3192f4bf6a.json,NO_VICTIM_ACTIVITY,0,0,0,0,0,0,0
conti_b39fcf37d9019cc92127ee82c03df5e37aa8238cd76cc6eca2e3d1e7e977fc26.json,NO_VICTIM_ACTIVITY,0,0,0,0,0,0,0
conti_b4d8b085852dda972eb4157cc00d3e25e8fc02e581dfa43f0e052e4f5135767f.json,NO_VICTIM_ACTIVITY,0,0,0,0,0,1,0
conti_b524ed1cc22253f09d56f54d8ded4566b63352ff739f58de961f8a5bebb0fad9.json,NO_VICTIM_ACTIVITY,0,0,0,0,0,0,0
conti_b8ae41c1122afd180d8dbc011866233945edcb0f19a3f43a1d1033709279cf32.json,NO_VICTIM_ACTIVITY,0,0,0,0,0,1,0
conti_bc413e02defccc55f1c9925e9cf4fde4a714db1e06c6e021ddbd4b15cf2613d7.json,NO_VICTIM_ACTIVITY,0,0,0,0,0,1,0
conti_c503289716c5b6c581a99953a90bcc2b93f14353658bd931aa83fd55d02624f1.json,NO_VICTIM_ACTIVITY,0,0,0,0,0,1,0
conti_cf171b1cdce590f64c7d23c7900f7e0f66c42840c626115980df807d754552b5.json,NO_VICTIM_ACTIVITY,0,0,0,0,0,0,0
conti_cf487bd54e487585cd052e982fd765cbc0d8d164cc21b8635e55475182dadf00.json,NO_VICTIM_ACTIVITY,0,0,0,0,0,1,0
conti_d16645bce49ea342c4b4f5afa3f711bf0a3986a4a7354f96f24a21f161fff7cb.json,NO_VICTIM_ACTIVITY,0,0,34,0,15,16,0
conti_d21c71a090cd6759efc1f258b4d087e82c281ce65a9d76f20a24857901e694fc.json,NO_VICTIM_ACTIVITY,0,0,0,0,0,0,0
conti_d236d64b7bf9510ea1746d10a4c164a2ef2c724cc62b2bca91d72bdf24821e40.json,NO_VICTIM_ACTIVITY,0,0,0,0,0,0,0
conti_d3c75c5bc4ae087d547bd722bd84478ee6baf8c3355b930f26cc19777cd39d4c.json,NO_VICTIM_ACTIVITY,0,0,0,0,0,0,0
conti_d6386b2747335f7b0d13b1f69d995944ad8e9b71e09b036dbc0b907e583d857a.json,NO_VICTIM_ACTIVITY,0,0,0,0,0,0,0
conti_d8158db5cbae0845b9ced65cc4a6581bfe08ba5361b1294b2dfb6ef4c711fd15.json,NO_VICTIM_ACTIVITY,0,0,0,0,0,0,0
conti_e043dea504d025f18f406d9649b64498338f3330ab9cf30e4efe9c0c2c0231df.json,NO_VICTIM_ACTIVITY,0,0,0,0,0,0,0
conti_e07316969b2d2941e9ec6a940d03d03bd36527dae825f30265fd5221a858fca4.json,NO_VICTIM_ACTIVITY,0,0,0,0,0,0,0
conti_e1b147aa2efa6849743f570a3aca8390faf4b90aed490a5682816dd9ef10e473.json,NO_VICTIM_ACTIVITY,0,0,0,0,0,0,0
conti_e22ff5594ab357da993651bf7decf035400d42bf37cca943495e1ac9bd7721c4.json,NO_VICTIM_ACTIVITY,0,0,0,0,0,0,0
conti_e49fd2651d5f3d5ffd999104841edd3e6e6dbd342507df6d2201720bdca65a74.json,NO_VICTIM_ACTIVITY,0,0,0,0,0,0,0
conti_e64e350861b86d4e05668bc25e6c952880f6b39ca921496ccce1487dbf6acab6.json,NO_VICTIM_ACTIVITY,0,0,0,0,0,0,0
conti_e75717be1633b5e3602827dc3b5788ff691dd325b0eddd2d0d9ddcee29de364f.json,NO_VICTIM_ACTIVITY,0,0,0,0,0,0,0
conti_ea4170be281262d89d924959b4db36ba239395dd5d2dc769fbb7f7238adc67e5.json,NO_VICTIM_ACTIVITY,0,0,0,0,0,0,0
conti_ea524e8b0dd046561b59a8d4da5a122aeff02036c87bb03056437a1d0f584039.json,NO_VICTIM_ACTIVITY,0,0,0,0,0,1,0
conti_ed4afa874e75b7bac665b9bcbf1d8e1324d4f9263c862755101cd79bb087ad45.json,NO_VICTIM_ACTIVITY,0,0,0,0,0,1,0
conti_ef2cd9ded5532af231e0990feaf2df8fd79dc63f7a677192e17b89ef4adb7dd2.json,NO_VICTIM_ACTIVITY,0,0,34,0,15,16,0
conti_f0278073fc7f61f547b0580522abc519630041e41782f86af1113ad0242f2da0.json,NO_VICTIM_ACTIVITY,0,0,0,0,0,1,0
conti_f092b985b75a702c784f0936ce892595b91d025b26f3387a712b76dcc3a4bc81.json,NO_VICTIM_ACTIVITY,0,0,0,0,0,0,0
conti_fa13f5a811e591c79f3207500604455879f34edf6ace61d5e34d54c3a5e8af64.json,NO_VICTIM_ACTIVITY,0,0,0,0,0,1,0
conti_fb737da1b74e8c84e6d8bd7f2d879603c27790e290c04a21e00fbde5ed86eee3.json,NO_VICTIM_ACTIVITY,0,0,0,0,0,0,0
cuba_11a22093931e87f7b28191643bbf9023e423e8a08cca2fe56b3d466c051d96a6.json,NO_VICTIM_ACTIVITY,0,0,4359,1,4040,4025,0
cuba_1cad3cdcebd6668b3e5e10c4656be139cd5f179fbee0114592bf5d17f85ee9b2.json,NO_VICTIM_ACTIVITY,0,0,0,0,0,0,0
cuba_271ef3c1d022829f0b15f2471d05a28d4786abafd0a9e1e742bde3f6b36872ad.json,TRUE_ENCRYPTION,71,71,4391,1,3950,3950,0
cuba_28c50b97aed33e25cfd07f83ad3e84513ad45ffc96764ef365124255414e9459.json,NO_VICTIM_ACTIVITY,0,0,3758,0,3027,2994,0
cuba_33352a38454cfc247bc7465bf177f5f97d7fd0bd220103d4422c8ec45b4d3d0e.json,NO_VICTIM_ACTIVITY,0,0,3145,0,2815,2816,0
cuba_482b160ee2e8d94fa6e4749f77e87da89c9658e7567459bc633d697430e3ad9a.json,TRUE_ENCRYPTION,75,75,4409,1,3968,3952,0
cuba_4ec8cb9d91bd97d75b86d7a22e0caf499c5fbc9edc4a48d838bf77610a736d30.json,TRUE_ENCRYPTION,20,20,3935,1,3786,3776,0
cuba_517b00c25a7cb02dfb7a98fa41e5d805c38ff03c107b0a0a2c385bb203a140ab.json,NO_VICTIM_ACTIVITY,0,0,0,0,0,0,0
cuba_51c652eac92fe9ce5c22cdd20212523b2bc9c8381d5bb5a46cc55bfa280191d5.json,NO_VICTIM_ACTIVITY,0,0,4359,1,4040,4025,0
cuba_57d2f35ff7be6a5e72110988d0294cd8d50afe4bc341fa5e869e1774aea27854.json,NO_VICTIM_ACTIVITY,0,0,0,0,0,0,0
cuba_6ce206a1e1224e0a9d296d5fabffee7fe5ab45ef00299a21e8df66e8c6ba5a27.json,NO_VICTIM_ACTIVITY,0,1,3,4,0,43,0
cuba_879862311b429e25239dba39db942f3c70271ca3ac2401798fcc45ba6e1a9bf0.json,TRUE_ENCRYPTION,72,72,4533,1,4081,4065,0
cuba_936119bc1811aeef01299a0150141787865a0dbe2667288f018ad24db5a7bc27.json,TRUE_ENCRYPTION,74,74,4406,1,3965,3949,0
cuba_9882c2f5a95d7680626470f6c0d3609c7590eb552065f81ab41ffe074ea74e82.json,NO_VICTIM_ACTIVITY,0,0,3023,9,2691,2698,0
cuba_c45d7d27cb6977f929410fae37b4da38dfd14abcab36f0433f3cf1c3668144fa.json,NO_VICTIM_ACTIVITY,0,0,2590,0,2279,2267,0
cuba_e1150b9bca30b2eca8580636f763619b612a0e046e5dfcd5ad352d01af33e85c.json,NO_VICTIM_ACTIVITY,0,0,2513,0,2210,2210,0
darkside_1cc7c198a8a2c935fd6f07970479e544f5b35a8eb3173de0305ebdf76a0988cb.json,NO_VICTIM_ACTIVITY,0,0,0,0,0,0,0
darkside_1d4c0b32aea68056755daf70689699200ffa09688495ccd65a0907cade18bd2a.json,NO_VICTIM_ACTIVITY,0,0,0,0,0,0,0
darkside_1ef8db7e8bd3aaba8b1cef96cd52fde587871571b1719c5d40f9a9c98dd26f84.json,NO_VICTIM_ACTIVITY,0,0,0,0,0,0,0
darkside_2d82be244e23001148ed5a6d83856b6f7cd20c3f7786481303d5d584c51ff5f0.json,NO_VICTIM_ACTIVITY,0,0,0,0,0,0,0
darkside_2dcac9f48c3989619e0abd200beaae901852f751c239006886ac3ec56d89e3ef.json,NO_VICTIM_ACTIVITY,0,0,0,0,0,0,0
darkside_2de09a815efcc64810046de69b8e0aa1c9e9beee77b66560a0b15d737485e3c5.json,NO_VICTIM_ACTIVITY,0,0,0,0,0,0,0
darkside_508dd6f7ed6c143cf5e1ed6a4051dd8ee7b5bf4b7f55e0704d21ba785f2d5add.json,NO_VICTIM_ACTIVITY,0,0,0,0,0,0,0
darkside_e0493b082077648eb33ca1294f2b26bc4c96d3820913c46330923e8bb3d73230.json,NO_VICTIM_ACTIVITY,0,0,0,0,0,0,0
darkside_f3f25af554bedfa4ee2824bb858280282bd87828d446048619dc49fe061741b4.json,NO_VICTIM_ACTIVITY,0,0,0,0,0,0,0
hellokitty_02c6a36c893f52fd57de1b0b53a2fcd0569d4a64a96578382efa6c6f9dd28513.json,NO_VICTIM_ACTIVITY,0,0,0,0,0,0,0
hellokitty_78afe88dbfa9f7794037432db3975fa057eae3e4dc0f39bf19f2f04fa6e5c07c.json,NO_VICTIM_ACTIVITY,0,0,23,0,13,24,0
hellokitty_947e357bfdfe411be6c97af6559fd1cdc5c9d6f5cea122bf174d124ee03d2de8.json,NO_VICTIM_ACTIVITY,0,0,0,0,0,0,0
hellokitty_9a7daafc56300bd94ceef23eac56a0735b63ec6b9a7a409fb5a9b63efe1aa0b0.json,NO_VICTIM_ACTIVITY,0,0,14,0,9,30,0
hellokitty_c2498845ed4b287fd0f95528926c8ee620ef0cbb5b27865b2007d6379ffe4323.json,NO_VICTIM_ACTIVITY,0,0,15,0,10,32,0
hellokitty_c7d6719bbfb5baaadda498bf5ef49a3ada1d795b9ae4709074b0e3976968741e.json,NO_VICTIM_ACTIVITY,0,0,14,0,8,32,0
hellokitty_f1b331ce095f866190320d808a3be8176209ad0f8a9422d6d711431b3a87aacc.json,NO_VICTIM_ACTIVITY,0,0,0,0,0,0,0
hellokitty_fa722d0667418d68c4935e1461010a8f730f02fa1f595ee68bd0768fd5d1f8bb.json,TRUE_ENCRYPTION,22,22,264,0,18,22,0
hive_206de75058a7dfa0b96784965baab63a137f2e89a97e623842e7d0bb3f12c2fc.json,NO_VICTIM_ACTIVITY,0,0,0,0,0,0,0
hive_27c9e57a7b2ab447e43f4053c05c9dea128811255f9fe9e7722ee26a834bfd38.json,NO_VICTIM_ACTIVITY,0,0,1,0,0,1,0
hive_4587e7d8e56a7694aa1881443312c1774da551459d3a48315acd0c694bcf87a0.json,NO_VICTIM_ACTIVITY,0,0,0,0,0,0,0
hive_5b6a9081d7742747a08d04a8f3dff31de71c4811b3b892e4b0f282780e60d741.json,NO_VICTIM_ACTIVITY,0,0,0,0,0,0,0
hive_804b7ecf40f2a94b10aa40e89a798911ee401fa5bb0121770a151e0a00d8a007.json,NO_VICTIM_ACTIVITY,0,0,2,0,0,2,0
hive_a1ae196683d0ef6bc8c86d2c469cb42b036574111970c5d53d8fffdc2e98e8ae.json,NO_VICTIM_ACTIVITY,0,0,0,0,0,0,0
hive_a464ae4b0a75d8673cc95ea93c56f0ee11120f71726cc891f9c7e8d4bec53625.json,NO_VICTIM_ACTIVITY,0,0,0,0,0,0,0
hive_aa78798172e873d88f42bf8bb5853aecfb74a3bf8980540f6be66f800bf1f153.json,NO_VICTIM_ACTIVITY,0,0,1,1,0,0,0
lockbit_06655950e8e5b1d34f3d70184f15c129e4906f795dabdd5288a09f5724e99a9c.json,NO_VICTIM_ACTIVITY,0,0,0,0,0,0,0
lockbit_0b856337d9d3255fc3b07635fdadecbe83e23eb5c205eccab83c21c2fb76edc9.json,NO_VICTIM_ACTIVITY,0,0,204,3,0,196,0
lockbit_0d38f8bf831f1dbbe9a058930127171f24c3df8dae81e6aa66c430a63cbe0509.json,NO_VICTIM_ACTIVITY,0,0,0,0,0,0,0
lockbit_0d6524b9a1d709ecd9f19f75fa78d94096e039b3d4592d13e8dbddf99867182d.json,NO_VICTIM_ACTIVITY,0,0,283,6,0,271,0
lockbit_0dcbc979c995eeec6e76fa87dfc301228d230101b9acecba53289c1c085eadb1.json,NO_VICTIM_ACTIVITY,0,1,39,0,0,85,0
lockbit_0e66029132a885143b87b1e49e32663a52737bbff4ab96186e9e5e829aa2915f.json,NO_VICTIM_ACTIVITY,0,0,1467,1,1342,1337,0
lockbit_0ec87a7f943ab72d08aeb957d33dd348ab7cf45052ab7a31bcce33ff7a095837.json,NO_VICTIM_ACTIVITY,0,0,2,2,0,15,0
lockbit_0f178bc093b6b9d25924a85d9a7dde64592215599733e83e3bbc6df219564335.json,NO_VICTIM_ACTIVITY,0,0,330,2,0,318,0
lockbit_0f5d71496ab540c3395cfc024778a7ac5c6b5418f165cc753ea2b2befbd42d51.json,NO_VICTIM_ACTIVITY,0,0,1865,1,1719,1705,0
lockbit_1b109db549dd0bf64cadafec575b5895690760c7180a4edbf0c5296766162f18.json,NO_VICTIM_ACTIVITY,0,0,26,3,0,27,0
lockbit_1e3bf358c76f4030ffc4437d5fcd80c54bd91b361abb43a4fa6340e62d986770.json,NO_VICTIM_ACTIVITY,0,0,128,3,0,124,0
lockbit_1ef9b4f6b4eb3db7eedf738a78ad15db798d397648b5064990c0a01c0da8a125.json,NO_VICTIM_ACTIVITY,0,0,38,3,0,38,0
lockbit_2b8117925b4b5b39192aaaea130426bda39ebb5f363102641003f2c2cb33b785.json,NO_VICTIM_ACTIVITY,0,0,1018,3,0,956,0
lockbit_2b8fe787f921aadf028b8d5f4f09e66133f60d162b69afebdf6bc690b2a6d495.json,NO_VICTIM_ACTIVITY,0,0,293,6,0,303,0
lockbit_2cf51d2d9edcfcd6fe5a8c323149832858f9655742dd5e327ee182960e558ad3.json,NO_VICTIM_ACTIVITY,0,0,13,0,0,43,0
lockbit_3b52db44c2cdd8adfacb906362837ed449e96fcf761de4b1f26388b66b6edabe.json,NO_VICTIM_ACTIVITY,0,0,735,3,0,693,0
lockbit_3c4fb5a1a8cdc44675df9d61c55a83b6f017a84cb01b06053b8f3953f9794d90.json,NO_VICTIM_ACTIVITY,0,0,2,2,0,15,0
lockbit_a89e2f2028ac59d156a0ddb372f3c53f2d16569b910794e73b97b8e43eb90d78.json,NO_VICTIM_ACTIVITY,0,0,0,0,0,0,0
lockbit_e35f88152d28829a3219f8223dc0160e5dd8e506a87e6d33ed60ae6b80c2d264.json,NO_VICTIM_ACTIVITY,0,0,0,0,0,0,0
lockbit_fb436d73dd1d08b57731b2d0454c80bd0deb68f50c7b7c7fcd3efb95e6ea052a.json,NO_VICTIM_ACTIVITY,0,0,0,0,0,0,0
maze_1e21459e9db8aafbae60cba51cf64a557e3ab1dd0b37141e6b423b476ee196ac.json,NO_VICTIM_ACTIVITY,0,0,0,0,0,1,0
maze_2c69536793ab6f3a38bd0ab79d70ad8fb271b975c8c707175246f11d5be22f8c.json,NO_VICTIM_ACTIVITY,0,0,0,0,0,0,0
maze_311baa4d4229a8d6802d82a8d9935592bf9a7b6aaf0949f0fa0b094592f5e8a7.json,NO_VICTIM_ACTIVITY,0,0,0,0,0,0,0
maze_317f2856e6c1c3b88567deb564e681e83cc65e08d412d7ae9db3f04d70e304a0.json,TRUE_ENCRYPTION,12,12,23,0,18,25,0
maze_3885589a3c94d0475a6d994e4644e682f4cff93f8b4d65f37508ffe706861363.json,NO_VICTIM_ACTIVITY,0,0,0,0,0,0,0
maze_4263eacd358d5ef9efacff1f63ff79487639136c0268938755a4bfe3f5797167.json,NO_VICTIM_ACTIVITY,0,0,0,0,0,0,0
maze_4c051e7271b06cf26f59d2076be6e543595ae8599d7c62b55dbfbc438d6e4fe8.json,NO_VICTIM_ACTIVITY,0,0,0,0,0,0,0
maze_4e2554b448424859b508433e6c4a043718343febc7894a849f446dd197b47d1e.json,NO_VICTIM_ACTIVITY,0,0,0,0,0,0,0
maze_53bba522663285740d740031f1878f7a4886b582ebcdbddc043afcd0dca70028.json,NO_VICTIM_ACTIVITY,0,0,0,0,0,0,0
maze_a0a42285a7368d5ad0f6938e308bacd1cea2f0a4245ffefe9c6df695a3f78e9c.json,NO_VICTIM_ACTIVITY,0,0,0,0,0,1,0
maze_a6bf25b3bfc2ab57ad8c1c7e130379a3a4dc0a97b6b3da04e27db79ed361e697.json,NO_VICTIM_ACTIVITY,0,0,0,0,0,0,0
medusalocker_033b4950a8f249b20eb86ec6f8f2ea0a1567bb164289d1aa7fb0ba51f9bbe46c.json,NO_VICTIM_ACTIVITY,0,0,0,0,0,0,0
medusalocker_0abb4a302819cdca6c9f56893ca2b52856b55a0aa68a3cb8bdcd55dcc1fad9ad.json,NO_VICTIM_ACTIVITY,0,0,0,0,0,0,0
medusalocker_0dd34e1326f18ab113be5ec91003577845f62ce25bbed8f92bff0b4077fe45da.json,NO_VICTIM_ACTIVITY,0,0,0,0,0,0,0
medusalocker_19e31469f150f69bda363c8a3454113236620aa44155dbe845e7689522724b0b.json,NO_VICTIM_ACTIVITY,0,0,19,2,17,14,1
medusalocker_1e2335fef46f7320069623fff6702acb41c2877aff5fec83d94a561af37c3c7a.json,NO_VICTIM_ACTIVITY,0,0,19,2,16,13,1
medusalocker_212e7f5ed4a581b4d778dfef226738c6db56b4b4006526259392d03062587887.json,NO_VICTIM_ACTIVITY,0,0,15,2,13,10,1
medusalocker_2ab345e3a6dcc64bd66b3b8f88e1e7be4456e3b441d4eeba67e821902b11a579.json,NO_VICTIM_ACTIVITY,0,0,2,2,0,5,0
medusalocker_2e9fceb91d4378a4e67250f0cb633a020be6eb1c57237272a50cb4db36997db7.json,NO_VICTIM_ACTIVITY,0,0,24,2,21,18,1
medusalocker_3f5a5dd7c93418534cc11d16e3e8154b3574a1cec2544fdb13894129a906ea9a.json,NO_VICTIM_ACTIVITY,0,0,2,2,0,5,0
medusalocker_45f0bb5539b7ce29c74f11c46b1f1199eae518af04ff7bb499e10f4780dc7530.json,NO_VICTIM_ACTIVITY,0,0,19,2,17,14,1
medusalocker_461f8a55ea2eecfcc26562326af4b56fbaf8e4957a4a6e0b75bec8ee90ace078.json,NO_VICTIM_ACTIVITY,0,0,19,2,17,14,1
medusalocker_465ab4311a7db9f0bc10921cf6a0da7a746c4023dd78fdcec1c253eee69e5b9d.json,NO_VICTIM_ACTIVITY,0,0,19,2,17,14,1
medusalocker_4ae110bb89ddcc45bb2c4e980794195ee5eb85b5261799caedef7334f0f57cc4.json,NO_VICTIM_ACTIVITY,0,0,20,2,17,14,1
medusalocker_4dd950fcdcd8483ec9346b4a5214931134975c439cf463daa3a0518cfc5db9a6.json,NO_VICTIM_ACTIVITY,0,0,0,0,0,0,0
medusalocker_4f9a833e79092006c06203a66b41fc9250bcebcee148fea404db75d52035131c.json,NO_VICTIM_ACTIVITY,0,0,26,2,23,20,1
medusalocker_54b8ca90cd5c6b8053a612d2e8d99bf05f427b36e7fccc0f63427e1f386db186.json,NO_VICTIM_ACTIVITY,0,0,19,2,17,14,1
medusalocker_58290a95e1795ec7312e4ce26bfff7e0fb7a620a3aac2627d3ae6c83f5a4bf60.json,NO_VICTIM_ACTIVITY,0,0,15,2,13,10,1
medusalocker_58a0db1ae0d7d8c5cb5db5e5a24fd1088b8029a4e51c02e7b77d400c17bcb39a.json,NO_VICTIM_ACTIVITY,0,0,19,2,17,14,1
medusalocker_591153a47beb8f657b0209eaf8a0aa91721965645cbffba13c7991d6591331cb.json,NO_VICTIM_ACTIVITY,0,0,0,0,0,0,0
medusalocker_6066e91a9b651a9061d3f0941e6686ff476e5e84e11a51ec3bcae049d84b366b.json,NO_VICTIM_ACTIVITY,0,0,19,2,17,14,1
medusalocker_61c26b20a2b291252ccf1b2ae4319542df526e820f96ad4667478ab101b6ee1f.json,NO_VICTIM_ACTIVITY,0,0,19,2,17,14,1
medusalocker_634d84758d8d922bbfb0ad3c904c38fc7989f11503877acf02ad5dad3775df7a.json,NO_VICTIM_ACTIVITY,0,0,44,6,14,35,0
medusalocker_66a13e8102f809e23e0ad0ba88ced5eecfa319797c9f709d090994a7143d858a.json,NO_VICTIM_ACTIVITY,0,0,19,2,17,14,1
medusalocker_6a973119a7c1cb0151cd94b34d24e963260a000da3e3a8df4b96e2430ffa409e.json,NO_VICTIM_ACTIVITY,0,0,26,2,23,20,1
medusalocker_6c51f28a6ab35c91e789a4b1a05032c87a3f03006019ba4997dc092ad1c8a625.json,NO_VICTIM_ACTIVITY,0,0,15,2,13,10,1
medusalocker_8597f458f1dcc5ecdf209d9c98b1f72c2fce2486236a3ae73adbe26fb6f9c671.json,NO_VICTIM_ACTIVITY,0,0,17,2,14,11,1
medusalocker_8939141fb565c044895627bbeb522d840d24899dec53545e4a925012dbf83230.json,NO_VICTIM_ACTIVITY,0,0,15,2,13,10,1
medusalocker_8b9bdc5cf5534d377a6201d1803a5aa0915b93c9df524307118fd61f361bdba2.json,NO_VICTIM_ACTIVITY,0,0,15,2,13,10,1
medusalocker_9555810647200a6eda75dfe1527c1d8720e929b19a6086e536fb4fce4d9db485.json,NO_VICTIM_ACTIVITY,0,0,19,2,17,14,1
medusalocker_982d910b04625e284fc6ff5217f6708433af0939d6ac2301cd88ceea3e362b87.json,NO_VICTIM_ACTIVITY,0,0,0,0,0,0,0
medusalocker_98c9e56cba271bf7b32fc17d7966d067d9b549594f8dc60c941f93346e376c00.json,WEAK_VICTIM_ACTIVITY,3,3,5,2,0,13,3
medusalocker_99a72b56725196298391f3d52b8536b018aa8b60d97c443161e912430079ed30.json,NO_VICTIM_ACTIVITY,0,0,22,2,19,16,1
medusalocker_a25c0227728878c386ab6dba139976cb10e853dd3cd1eb3623f236ee8e1df212.json,NO_VICTIM_ACTIVITY,0,0,15,2,13,10,1
medusalocker_a3fe92224060ec183a25296999c18d4f86149649f1a701ac91b04d73e8678495.json,NO_VICTIM_ACTIVITY,0,0,19,2,17,14,1
medusalocker_a533f9ae8f269f97eeb35ddac6d1d955924f6eea1794b8a227457e95cf524d44.json,NO_VICTIM_ACTIVITY,0,0,19,2,17,14,1
medusalocker_a5fdfacc22914d12eec28fb085f026401db10ae51d4e549dfec6160501be0dcf.json,NO_VICTIM_ACTIVITY,0,0,19,2,17,14,1
medusalocker_aa4cd5e9ff8ef8e4a72601c03154231631a5179167400a5478ca4282188b1163.json,NO_VICTIM_ACTIVITY,0,0,19,2,17,14,1
medusalocker_abbaff145b18d26db84d52669d1279e928d51f1f571f686cb100d7893cb69295.json,NO_VICTIM_ACTIVITY,0,0,19,2,17,14,1
medusalocker_b15840fb0547fc774f371166adb89cd7a58647d4e379256a2f9806dd5a338627.json,NO_VICTIM_ACTIVITY,0,0,19,2,17,14,1
medusalocker_b2493a580153291b69ca23190d00a00b1220cd0aadf469b3974fdaa726516649.json,NO_VICTIM_ACTIVITY,0,0,29,2,13,24,1
medusalocker_ba87d97a4c7dec4e2eef997190f5f875c8564395bf3c95bd95055f447c495387.json,NO_VICTIM_ACTIVITY,0,0,19,2,17,14,1
medusalocker_bdadf73a531421f832714078c438267a76fd5085596c86f2fa4b7341cb336da1.json,NO_VICTIM_ACTIVITY,0,0,19,2,17,14,1
medusalocker_c2a0a317d73c96428ab088a8f0636ec4ccace7ca691c84ed66a83a70183f40dc.json,NO_VICTIM_ACTIVITY,0,0,0,0,0,0,0
medusalocker_c41926a4e667a38bd712cd8fff2c555c51d7f719a949c9be8c1f74232100444b.json,NO_VICTIM_ACTIVITY,0,0,0,0,0,0,0
medusalocker_c5bef2a489740192a0b2c34cdc2fd954d0b8d5fabcbe0ecb8b78f9301e5a30a6.json,NO_VICTIM_ACTIVITY,0,0,19,2,17,14,1
medusalocker_c79c6b680a2caa71b3ad052f60ce6da463eb576b8196bb3bbdccd003853769d4.json,NO_VICTIM_ACTIVITY,0,0,19,2,17,14,1
medusalocker_cb12325d13acb03ad4f9977f426baf8b4688af04d4ffe23aa5f1bbd747a147c0.json,NO_VICTIM_ACTIVITY,0,0,19,2,17,14,1
medusalocker_d595339cbbf415eca195eb3a0d9a8b6c9ff82a0cf36e4e867f5cef24503bb532.json,NO_VICTIM_ACTIVITY,0,0,19,2,17,14,1
medusalocker_dbac4f2fffcb4e09aad772895647e8f161b1ac713592fe47c5e8207c85722f13.json,NO_VICTIM_ACTIVITY,0,0,19,2,17,14,1
medusalocker_e26b2ffb2ee711fc7b04d62911580560794ee4fa9b7fcfade65ee6ff2eed0274.json,TRUE_ENCRYPTION,29,29,4267,7,3945,3954,0
medusalocker_e5d819fd969d6bc913698c44beb5c8f763a6d6f07b7cdb3514c4b61a68a1d747.json,NO_VICTIM_ACTIVITY,0,0,19,2,17,14,1
medusalocker_e89cea4d336dd9896fe0e7b72636ec0d9caa861cff329d7ac3d4f3149a7e237f.json,NO_VICTIM_ACTIVITY,0,0,2,2,0,5,0
medusalocker_ec2ec1c316045d5e2e43cc0f1df738e6367b520310a4b7a644717d3aebda43f4.json,NO_VICTIM_ACTIVITY,0,0,21,2,18,15,1
medusalocker_f1c361bb3b649918bc5b3ad3fc5cbd1bbd7c585fbe2557410e267d161d3bb998.json,NO_VICTIM_ACTIVITY,0,0,19,2,17,14,1
medusalocker_f5fb7fa5231c18f0951c755c4cb0ec07b0889b5e320f42213cbf6bbbe499ad31.json,NO_VICTIM_ACTIVITY,0,0,0,0,0,0,0
medusalocker_f7c089881a717bd8e9c57f8d5935c8e663e12afb0246b12b24e7a0e055153897.json,NO_VICTIM_ACTIVITY,0,0,0,2,0,0,0
medusalocker_fbe10da8d483a0db6686b1f03f18b00dbc60c69fb9a9f4a941764c2c3426367c.json,NO_VICTIM_ACTIVITY,0,0,21,2,18,15,1
medusalocker_fbf6c8f0857d888385f6bc0d46523ebcc1634e06d0e96411fc43a8ae4213d1f3.json,NO_VICTIM_ACTIVITY,0,0,18,2,15,12,1
medusalocker_fc0f65213e7ad5960378433efc55642c116c750e10cb881ed7297f361b6be7dd.json,NO_VICTIM_ACTIVITY,0,0,23,2,20,17,1
netwalker_02cb34da6e620d9428f9c8f375fe96a397464d272f723abd8296c4b420fb0e77.json,TRUE_ENCRYPTION,20,20,1310,0,0,1356,0
netwalker_0afd99c3f7593c760c4001313963f3e7fd709ca56046044033d790602a8cb378.json,TRUE_ENCRYPTION,16,16,1354,0,0,1419,0
netwalker_0d7ee7ce88e790ad66aa53589f5a2638207bc3adf2eb4f8a813fd52b5b22ba27.json,TRUE_ENCRYPTION,14,14,1180,0,0,1172,0
netwalker_1b4875536467c7fdd5fafb5852dcc61c1f03f55a706d4a97dec56e33b7b47763.json,NO_VICTIM_ACTIVITY,0,0,3,4,0,48,0
netwalker_2c245db9fb9b2c6e84832662dda3dfff3c6b21128d9fec115f5b989fb090841d.json,NO_VICTIM_ACTIVITY,0,0,0,0,0,1,0
netwalker_3b3b9a18d9b9073e9bc94a6e5367d42a2c248274daa70856e3dc4935106e4218.json,NO_VICTIM_ACTIVITY,0,0,0,0,0,0,0
netwalker_3ba905e1cda7307163d4c8fe3fd03c2fbce7eda030522084e33d0604c204630e.json,TRUE_ENCRYPTION,14,14,1165,0,0,1165,0
netwalker_4abf2d4b604ad5c3dca0006e9762562ea104e76e7c0dcfa8fddafda8b11b2eaf.json,WEAK_VICTIM_ACTIVITY,4,13,248,0,0,858,0
netwalker_4df67a9e8abab33856a586cea38b0d365fbbe0d91ee848f270c65f0125d2d677.json,TRUE_ENCRYPTION,7,11,395,0,0,831,0
ragnarlocker_041fd213326dd5c10a16caf88ff076bb98c68c052284430fba5f601023d39a14.json,NO_VICTIM_ACTIVITY,0,0,2289,0,3433,2289,543
ragnarlocker_04c9cc0d1577d5ee54a4e2d4dd12f17011d13703cdd0e6efd46718d14fd9aa87.json,NO_VICTIM_ACTIVITY,0,0,67,0,66,68,223
ragnarlocker_10f9ad4e9f6e0dc1793be80203b258f8c5114d01cb17307c1b2fdcca37d4edf9.json,NO_VICTIM_ACTIVITY,0,0,3,0,0,37,0
ragnarlocker_1602d04000a8c7221ed0d97d79f3157303e209d4640d31b8566dd52c2b09d033.json,NO_VICTIM_ACTIVITY,0,0,910,0,866,911,506
ragnarlocker_30dcc7a8ae98e52ee5547379048ca1fc90925e09a2a81c055021ba225c1d064c.json,NO_VICTIM_ACTIVITY,0,0,1317,0,1310,1327,525
ragnarlocker_3b43751ed88e4d1f82cf52ca2d4477e3e35c35f08c1b4e3ab21c80720601e804.json,NO_VICTIM_ACTIVITY,0,0,11,0,10,12,2
ragnarlocker_3bc8ce79ee7043c9ad70698e3fc2013806244dc5112c8c8d465e96757b57b1e1.json,NO_VICTIM_ACTIVITY,0,0,1463,0,1445,1479,532
ragnarlocker_68eb2d2d7866775d6bf106a914281491d23769a9eda88fc078328150b8432bb3.json,NO_VICTIM_ACTIVITY,0,0,1331,0,1331,1342,529
ragnarlocker_7af61ce420051640c50b0e73e718dd8c55dddfcb58917a3bead9d3ece2f3e929.json,NO_VICTIM_ACTIVITY,0,0,1476,0,1469,1489,532
ragnarlocker_9bdd7f965d1c67396afb0a84c78b4d12118ff377db7efdca4a1340933120f376.json,NO_VICTIM_ACTIVITY,0,0,1838,0,2994,1849,540
ransomexx_1f43edc89b1cc74a924a5d05f112251e560802200509f2564fc18d9481c948be.json,NO_VICTIM_ACTIVITY,0,0,7,0,0,12,0
ransomexx_37595d23933ab5f0d4623b960612e6ccb53775c009256f1aa5931faa6ed35dfa.json,TRUE_ENCRYPTION,13,13,92,0,21,21,10
ransomexx_4354bf6442518633ff17120c11587e8eb8a79f778c6d3103874137a28de6b5b2.json,NO_VICTIM_ACTIVITY,0,0,0,0,0,6,0
ransomexx_5862cfe312e826b784d41e1308da28998e2c461bd4e030d3158ce4ec584a69d2.json,TRUE_ENCRYPTION,74,74,255,0,3176,5,0
ransomexx_5e0c4fb37831a6f4576225712165dff1ab005bb9da9d65a1cf9cd9e07760c2ec.json,NO_VICTIM_ACTIVITY,0,0,0,0,0,1,0
ransomexx_6a0d713e89b61a8709f8d55e19631ec31370d87880a478704609eee78ccd3c18.json,TRUE_ENCRYPTION,12,12,91,0,21,21,10
ransomexx_918504ede26bb9a3aa315319da4d3549d64531afba593bfad71a653292899fec.json,TRUE_ENCRYPTION,26,13,51,52,50,52,0
ransomexx_98482d217a0817af06217d4f02fc8bc48b31b4636ab8ef870dd2ad5056e43aea.json,NO_VICTIM_ACTIVITY,0,0,2278,0,2264,2229,0
ransomexx_98889731dde93b780ec4f6af2483d4a45b760bc7f45ae91b90ea8e19916c7b1d.json,NO_VICTIM_ACTIVITY,0,0,0,0,0,13,0
ransomexx_c0323eb0fa79f91c87fe68aef30bf76bc8b008862e93e99d35ad1d54099d9669.json,TRUE_ENCRYPTION,12,12,90,0,20,20,10
ransomexx_cf26456599842ba29ab7960828012861dde3b537046b0fd83536dadf7d25ed77.json,NO_VICTIM_ACTIVITY,0,0,9,5,6,41,0
ransomexx_e1b88ede002de961931ca9849328ef005785fa6c5e6321034d7a49c35653ebbf.json,NO_VICTIM_ACTIVITY,0,0,0,0,0,0,0
ransomexx_e26b2ffb2ee711fc7b04d62911580560794ee4fa9b7fcfade65ee6ff2eed0274.json,NO_VICTIM_ACTIVITY,0,0,1800,6,1716,1728,0
ransomexx_ea50299a8f4c05d53194e2304e3588607183a2b1d55110e8a20a9fbdd3eee481.json,NO_VICTIM_ACTIVITY,0,0,0,0,0,0,0
ransomexx_f25ff1a6112f1fdd22e642258f66143d83cc1bf6827aa08b53aa9d31bb9cbee5.json,NO_VICTIM_ACTIVITY,0,0,0,0,0,8,0
redalert_3eab0f0b295fa95de32c4cdf9347dcf189e678d324b59629a33b695ec2d6dc42.json,NO_VICTIM_ACTIVITY,0,0,0,0,0,0,0
redalert_a937b6d3fe87542ad640280c8eb4d7cb0eb4b8a31441a65327d1b3cbb88b4898.json,NO_VICTIM_ACTIVITY,0,0,0,0,0,0,0
revil_02a526d298e49da19220022a71e31434183e520c2845c6f3eb23169602f0ed63.json,NO_VICTIM_ACTIVITY,0,0,4,0,3,7,0
revil_0c10cf1b1640c9c845080f460ee69392bfaac981a4407b607e8e30d2ddf903e8.json,WEAK_VICTIM_ACTIVITY,1,1,33,0,19,22,0
revil_1bc9040cfa3738e8a2e0409efb17726c8f4894e462f2e51d2a18664c4c799e16.json,NO_VICTIM_ACTIVITY,0,0,0,0,0,0,0
revil_1fb2178279b76d9ed5e3c24b24885a31ec521e58a4688597600d26f88df5b8e1.json,WEAK_VICTIM_ACTIVITY,1,1,52,0,19,24,0
revil_2d73ce9f8e11bbbce1bec1147bf30ef60a6d362504fbf650b3c8a0ea6f7c4fbb.json,NO_VICTIM_ACTIVITY,0,0,1,0,0,20,0
revil_2df2fab33c1db5b049284a6bd5aa1f58bec4cb370b0663870b6a57ef33b5028c.json,WEAK_VICTIM_ACTIVITY,1,1,49,0,16,17,0
revil_2e050601b908a29f8c0d113abdb0ed867d6c310b2bb58bf3ce607a9f33338a55.json,NO_VICTIM_ACTIVITY,0,0,1,0,0,20,0
revil_3b5e260a1db66a360c9e4c210fbccdb1aa197bffa4fd6344fff9ca9d21559566.json,NO_VICTIM_ACTIVITY,0,0,1,0,0,26,0
revil_3ba4483c761a05e590671f54a39032630f82820177bbe7fcee9c445f6d5fd6db.json,NO_VICTIM_ACTIVITY,0,0,1,0,0,27,0
revil_3c4063956b797106cc43a49a634bb530aecd6e9a898124bb8fed6978f4556ee0.json,NO_VICTIM_ACTIVITY,0,0,0,0,0,0,0
snatch_0c920c6592e00f5768964b1e86d21c0248368b04642c1dec8ed287ccd81bd123.json,NO_VICTIM_ACTIVITY,0,0,1176,0,0,1173,0
snatch_1d67abe1ec08e6215e08d6bb595ade3d1d33d0e886edf887b29f4d8e1d46e593.json,NO_VICTIM_ACTIVITY,0,0,0,0,0,0,0
snatch_4e9762d0385abc614f124624ea9be798a831e4075266918dfe1408b695a85731.json,NO_VICTIM_ACTIVITY,0,0,1240,0,0,1237,0
snatch_5c5464ea8d2bf9fe5f229773e614edfe7e05d1556ace58e0d5778b3b3cec1c39.json,NO_VICTIM_ACTIVITY,0,0,0,0,0,0,0
snatch_5ead6837cbb5d7450c8ae309531e3d1a134e1792f78381ec1642928e2e788e63.json,NO_VICTIM_ACTIVITY,0,0,0,2,3,2,0
snatch_7b85a3f5315470c36ba4047a6c849284ff5d738796fcc9d61b8713f8955fa018.json,NO_VICTIM_ACTIVITY,0,0,0,0,0,0,0
snatch_7e786e4d49341d855d5dbc719c79358b26cf72331c2e8d06846b25b03a0a277d.json,NO_VICTIM_ACTIVITY,0,0,0,0,0,0,0
snatch_8a99a4c58ef5e27d112f0efb4719abe01bcddb5e516114711ee4991f7922ab5f.json,NO_VICTIM_ACTIVITY,0,0,0,0,0,0,0
snatch_8cd9a8d1bfa7a4032cf1863863b0139b53f4adc9a48b38209683c78663e9f4cf.json,NO_VICTIM_ACTIVITY,0,0,314,0,0,428,0
snatch_9b1ee7e79dee8df07307a1be4899fc076a02aac45c55a321fc2f8df1241f1309.json,NO_VICTIM_ACTIVITY,0,0,542,0,0,541,0
snatch_9b9afe28f57f6be5a6c9cf168d8576c89bbb2fb12d81a00ffc7f6b5d2d436a42.json,WEAK_VICTIM_ACTIVITY,3,14,56,0,51,40,0
sugar_09ad72ac1eedef1ee80aa857e300161bc701a2d06105403fb7f3992cbf37c8b9.json,NO_VICTIM_ACTIVITY,0,0,0,0,0,0,0
sugar_1d4f0f02e613ccbbc47e32967371aa00f8d3dfcf388c39f0c55a911b8256f654.json,NO_VICTIM_ACTIVITY,0,0,0,0,0,0,0
sugar_315045e506eb5e9f5fd24e4a55cda48d223ac3450037586ce6dab70afc8ddfc9.json,NO_VICTIM_ACTIVITY,0,0,0,0,0,0,0
sugar_43e4a6830f54f3bd039b90f0a27ad19a9f2bb673ab990f34dc201c3b102e056a.json,NO_VICTIM_ACTIVITY,0,0,0,0,0,0,0
sugar_4a97bc8111631795cb730dfe7836d0afac3131ed8a91db81dde5062bb8021058.json,NO_VICTIM_ACTIVITY,0,0,0,0,0,0,0
suncrypt_0d7ed584dd1ae3cc071ad1b2400a5c534d19206be7a98a6046959a7267c063a1.json,TRUE_ENCRYPTION,30,30,3124,1,2714,2691,0
suncrypt_3090bff3d16b0b150444c3bfb196229ba0ab0b6b826fa306803de0192beddb80.json,NO_VICTIM_ACTIVITY,0,0,3,4,0,48,0
suncrypt_3f6e996ee4a40d2d19b648669d9146562627359626239324937a5c75f8030824.json,NO_VICTIM_ACTIVITY,0,0,392,0,285,251,0
suncrypt_63ba6db8c81c60dd9f1a0c7c4a4c51e2e56883f063509ed7b543ad7651fd8806.json,NO_VICTIM_ACTIVITY,0,0,2317,9,2188,2129,0
suncrypt_6d9177b11b344dc79d514abb13cb54fd6c6452d5035222b98fe8c2e384049e6e.json,NO_VICTIM_ACTIVITY,0,0,1,4,0,24,0
suncrypt_759f2b24be12e208903b00f9719db71a332ddf8252986c26afbcda9f32623bc4.json,NO_VICTIM_ACTIVITY,0,0,14,1,12,14,0
yanluowang_35063dd7540ad35ba887d756e2f9e8faffa14e77d7108c27327865b3fccbf6fb.json,NO_VICTIM_ACTIVITY,0,0,3,4,0,34,1
yanluowang_49d828087ca77abc8d3ac2e4719719ca48578b265bbb632a1a7a36560ec47f2d.json,NO_VICTIM_ACTIVITY,0,0,0,0,0,0,0
yanluowang_d11793433065633b84567de403c1989640a07c9a399dd2753aaf118891ce791c.json,NO_VICTIM_ACTIVITY,0,0,0,0,0,0,0
zeppelin_005b00d41740f7b0327d4d5fe0402dcfc84ae0df44a2231a89a59909eeb30b23.json,NO_VICTIM_ACTIVITY,0,0,658,20,430,466,1
zeppelin_0b3932739176975ad69bae0a03171746b7efa1c3909cf5206dcb3b89d1947b15.json,NO_VICTIM_ACTIVITY,0,0,466,18,272,316,1
zeppelin_0dff1dd605d0f97d013f78d15ccb110d376fd3f4c99643d840021f8fd99a79bf.json,NO_VICTIM_ACTIVITY,0,0,0,0,0,8,0
zeppelin_0f81f4eb37083c821598ffd57cff12a082f19ca2de57c86faff65755ef332686.json,NO_VICTIM_ACTIVITY,0,0,0,0,0,0,0
zeppelin_4e0d1edb76747fd945b87dd18299298f0df719edbea946119d91db59a9b6527a.json,NO_VICTIM_ACTIVITY,0,0,30,11,1,27,1
zeppelin_4f87fefc9bf667f1d60e9ac07bdcf91013d609b8222b6d1b2995706f7ece1b07.json,NO_VICTIM_ACTIVITY,0,0,0,0,0,0,0
zeppelin_5c1141aa7d0b9fba71822607f3b1b086e2cc4529e63221a9a6ede74fa366512f.json,NO_VICTIM_ACTIVITY,0,0,17,7,3,13,1
zeppelin_6f3aeeebda1bd67e5acd2eb8f8bbe6a887e8f787886a561be5e7caf43cf1f7a9.json,NO_VICTIM_ACTIVITY,0,1,2,4,0,42,0
zeppelin_7a1d850bfc4392c0a4166ed6545d89c2dc7ed08fcfe422b50da13f9935ff7fef.json,NO_VICTIM_ACTIVITY,0,1,3,4,0,43,0
zeppelin_7aac762ca37c72400df369c6a25d81e758071e570f8dd68f136290923165d007.json,NO_VICTIM_ACTIVITY,0,1,2,4,0,42,0
